 (New), (Новый),
01/04/2024 11:30 PM,01/04/2024 11:30 PM,
1 hour ago,1 час назад,
1 minute ago,1 минуту назад,
1 month ago,1 месяц назад,
1 week ago,1 неделю назад,
1 year ago,1 лето назад,
"@John, can you please check this?","@John, не могли бы Вы проверить это?",
A Lead requires either a person's name or an organization's name,"Ведущий требует либо имя человека, либо название организации",
A lead sync source is already enabled for this Facebook Lead Form!,Источник синхронизации лидов уже включен для этой формы лидов Facebook!,
API Key,Ключ API,
API Secret,Секретный ключ API,
API Token,API Токен,
About,О сайте,
Accept,Принять,
Accept Invitation,Принять приглашение,
Accepted,Принято,
Accepted At,Принято в,
Access Denied,Доступ запрещён,
Access Key,Ключ доступа,
Access Key is required for Service Provider: {0},Ключ доступа необходим для Поставщика услуг: {0},
Access Token,Токен доступа,
Access token is required,Требуется токен доступа,
Account ID,ID аккаунта,
Account Name,Название счета,
Account SID,SID Учетной записи,
Account name is required,Требуется название учетной записи,
Accounts,Счета,
Actions,Действия,
Activity,Активность,
Add,Добавить,
Add Account,Добавить учетную запись,
Add Assignee,Добавить исполнителя,
Add Column,Добавить колонку,
Add Existing User,Добавить существующего пользователя,
Add Field,Добавить поле,
Add Filter,Добавить фильтр,
Add Row,Добавить строку,
Add Section,Добавить раздел,
Add Sort,Добавить сортировку,
Add Tab,Добавить Закладку,
Add Weekly Holidays,Добавить еженедельные праздники,
Add a Note,Добавить заметку,
Add a name for your source,Добавить имя для источника,
Add description...,Добавить описание...,
Add existing system users to this CRM. Assign them a role to grant access with their current credentials.,Добавить существующих системных пользователей в эту CRM. Назначьте им роль для предоставления доступа с их текущими учетными данными.,
Add one to get started.,"Добавьте один, чтобы начать.",
Add svg code or use feather icons e.g 'settings',"Добавьте svg-код или используйте иконки перья, например, ""настройки""",
Add to Holidays,Добавить в Праздники,
Add your first comment,Добавьте свой первый комментарий,
"Add, edit, and manage email templates for various CRM communications","Добавляйте, редактируйте и управляйте шаблонами электронной почты для различных коммуникаций CRM",
"Add, edit, and manage sources for automatic lead syncing to your CRM","Добавляйте, редактируйте и управляйте источниками для автоматической синхронизации лидов с вашей CRM",
Address,Адрес,
Admin,Админ,
"Agent is unavailable to take the call, please call after some time.","Агент не может ответить на звонок, пожалуйста, позвоните через некоторое время.",
All,Все,
Amount,Сумма,
Amount after discount,Сумма после скидки,
An error occurred,Произошла ошибка,
An error occurred while updating the document,Произошла ошибка при обновлении документа,
An icon file with .ico extension. Should be 16 x 16 px. Generated using a favicon generator. [favicon-generator.org],Файл иконки с расширением .ico. Размер должен быть 16 x 16 px. Создается с помощью генератора иконок. [favicon-generator.org].,
An image with 1:1 & 2:1 ratio is preferred,Предпочтительно изображение с соотношением сторон 1:1 и 2:1,
And,И,
Annual Revenue,Годовой доход,
Annual Revenue should be a number,Годовой доход должен быть числом,
Any failed lead syncs will show up here,Здесь будут отображаться все неудачные попытки синхронизации лидов,
App Name,Название приложения,
Appears in the left sidebar. Recommended size is 32x32 px in PNG or SVG,Появляется в левой боковой панели. Рекомендуемый размер 32x32 px в формате PNG или SVG,
Appears next to the title in your browser tab. Recommended size is 32x32 px in PNG or ICO,Появляется рядом с заголовком на вкладке браузера. Рекомендуемый размер 32x32 px в формате PNG или ICO,
Apply,Применить,
Apply On,Применить на,
Apply To,Применить к,
Apps,Приложения,
Are you sure you want to delete this attachment?,Вы действительно хотите удалить это вложение?,
Are you sure you want to delete this contact?,Вы действительно хотите удалить этот контакт?,
Are you sure you want to delete this organization?,Вы действительно хотите удалить эту организацию?,
Are you sure you want to delete this task?,Вы действительно хотите удалить задачу?,
Are you sure you want to delete {0} linked item(s)?,"Вы уверены, что хотите удалить {0} связанных элемента(ов)?",
Are you sure you want to go back? Unsaved changes will be lost.,"Вы уверены, что хотите вернуться назад? Несохраненные изменения будут потеряны.",
Are you sure you want to login to your Frappe Cloud dashboard?,"Вы уверены, что хотите войти в панель управления Frappe Cloud?",
Are you sure you want to reset 'Create Quotation from CRM Deal' Form Script?,"Вы уверены, что хотите сбросить скрипт формы «Создать предложение из сделки CRM»?",
Are you sure you want to set the currency as {0}? This cannot be changed later.,"Вы уверены, что хотите установить валюту как {0}? Это нельзя будет изменить позже.",
Are you sure you want to unlink {0} linked item(s)?,"Вы уверены, что хотите отвязать {0} связанных элемента(ов)?",
"Ask your manager to set up the Exchange Rate Provider, as default provider does not support currency conversion for {0} to {1}.","Обратитесь к менеджеру для настройки провайдера обменных курсов, поскольку провайдер по умолчанию не поддерживает конвертацию валют из {0} в {1}.",
Assign To,Назначить,
Assigned To,Назначено для,
Assignee Rules,Правила назначения исполнителей,
Assignees,Исполнители,
Assignment,Назначение,
Assignment Days,Дни назначений,
Assignment Rule,Правило назначения,
Assignment Rules,Правила назначения,
Assignment Schedule,График назначений,
Assignment conditions,Условия назначения,
At least one field is required,Обязательно заполнение хотя бы одного поля,
Attach,Прикрепить,
Attachments,Вложения,
Auth Token,Токен аутентификации,
Auto Update Expected Deal Value,Автоматическое обновление ожидаемой стоимости сделки,
Auto-generated from the portal view — do not edit directly unless you know what you're doing! ,"Автоматически сгенерировано из представления портала — не редактируйте напрямую, если вы не знаете, что делаете! ",
Autocomplete,Автозаполнение,
"Automatically update ""Expected Deal Value"" based on the total value of associated products in a deal","Автоматически обновляйте ""Ожидаемую стоимость сделки"" на основе общей стоимости связанных товаров в сделке",
Automation & Rules,Автоматизация и правила,
Average deal value of non won/lost deals,Средняя стоимость сделки для незавершённых сделок,
Average deal value of ongoing & won deals,Средняя стоимость текущих и выигранных сделок,
Average deal value of won deals,Средняя стоимость выигранных сделок,
Average time taken from deal creation to deal closure,Среднее время от создания до закрытия сделки,
Average time taken from lead creation to deal closure,Среднее время от создания лида до закрытия сделки,
Avg. deal value,Средняя стоимость сделки,
Avg. ongoing deal value,Средняя стоимость текущих сделок,
Avg. time to close a deal,Среднее время закрытия сделки,
Avg. time to close a lead,Среднее время закрытия лида,
Avg. won deal value,Средняя стоимость выигранных сделок,
BCC,BCC,
Back,Назад,
Background Sync Frequency,Частота фоновой синхронизации,
Backlog,Бэклог,
Between,Между,
Brand,Бренд,
Brand Logo,Фирменный логотип,
Brand Name,Название бренда,
Brand Settings,Настройки бренда,
Branding,Брендинг,
Bulk Edit,Массовое редактирование,
Busy,Занят,
Button,Кнопка,
CC,Копия,
CRM Call Log,CRM Журнал звонков,
CRM Communication Status,CRM Статус коммуникации,
CRM Contacts,CRM Контакты,
CRM Dashboard,Панель управления CRM,
CRM Deal,CRM Сделка,
CRM Deal Status,CRM Статус сделки,
CRM Dropdown Item,CRM Выпадающий элемент,
CRM Exotel Settings,CRM Настройки Exotel,
CRM Fields Layout,Макет полей CRM,
CRM Form Script,CRM Скрипт формы,
CRM Global Settings,CRM Глобальные настройки,
CRM Holiday,CRM Отпуск,
CRM Holiday List,CRM Список праздников,
CRM Industry,CRM Индустрия,
CRM Invitation,CRM Приглашение,
CRM Lead,CRM Лид,
CRM Lead Source,CRM Источник лидов,
CRM Lead Status,CRM Статус лида,
CRM Lost Reason,Причина потери CRM,
CRM Notification,Уведомление CRM,
CRM Organization,CRM Организация,
CRM Product,Продукт CRM,
CRM Products,Продукты CRM,
CRM Rolling Response Time,Текущее время отклика CRM,
CRM Service Day,День обслуживания CRM,
CRM Service Level Agreement,CRM Соглашение об уровне обслуживания,
CRM Service Level Priority,Приоритет уровня обслуживания CRM,
CRM Status Change Log,Журнал изменения статуса CRM,
CRM Task,Задачи CRM,
CRM Telephony Agent,Агент CRM-телефонии,
CRM Telephony Phone,Телефон CRM-телефонии,
CRM Territory,Среда CRM,
CRM Twilio Settings,Настройки CRM Twilio,
CRM View Settings,Настройки представления CRM,
CSV,CSV,
Call Details,Детали звонка,
Call Log,Журнал вызовов,
Call Received By,Вызов получен,
Call using {0},"Звоните, используя {0}",
Caller,Звонящий,
Calling Medium,Вызов среднего,
Calling...,Вызов...,
Calls,Звонки,
Camera,Камера,
Can't retry sync for this without source!,Невозможно повторить синхронизацию без источника!,
Cancel,Отмена,
Canceled,Отменен,
Cannot change role of user with Admin access,Невозможно изменить роль пользователя с доступом администратора,
Cannot delete standard items {0},Невозможно удалить стандартные элементы {0},
Cannot enable rule without adding users in it,Невозможно включить правило без добавления в него пользователей,
Capture,Захват,
Category,Категория,
Change,Изменение,
Change Image,Изменить изображение,
Change Password,Изменить пароль,
Change Status,Изменить статус,
Change deal status,Изменить статус сделки,
Change language of the application.,Изменить язык приложения.,
Change timezone of the application.,Изменить часовой пояс приложения.,
Change your account password for security.,В целях безопасности измените пароль своей учетной записи.,
Chart,Диаграмма,
Chart Type,Тип графика,
Choose Existing,Выбрать существующий,
Choose Existing Contact,Выберите существующий контакт,
Choose Existing Organization,Выберите существующую организацию,
Choose how long this SLA policy will be active.,"Выберите, как долго будет активна данная политика SLA.",
Choose how {0} are assigned among salespeople.,"Выберите, как {0} будет распределяться между продавцами.",
Choose the days of the week when this rule should be active.,"Выберите дни недели, когда это правило должно быть активно.",
Choose which {0} are affected by this un-assignment rule.,"Выберите, на какие {0} будет распространяться это правило отмены назначения.",
Clear,Очистить,
Clear Assignment,Очистить назначение,
Clear Demo Data,Очистить демо-данные,
Clear Sort,Очистить сортировку,
Clear Table,Очистить таблицу,
Close,Закрыть,
Closed Date,Дата закрытия,
Collapse,Свернуть,
Collapsible,Складной,
Color,Цвет,
Column,Колонка,
Column Field,Поле столбца,
Columns,Колонки,
Comment,Комментарий,
Comments,Комментарии,
Common reasons for losing deals,Основные причины потери сделок,
Communication Status,Состояние связи,
Company Name,Название компании,
Completed,Завершено,
Computer,Компьютер,
Condition,Условия,
Conditions for this rule were created from,Условия для этого правила были созданы из,
Configure actions that appear on the home dropdown,"Настройте действия, которые будут отображаться в раскрывающемся списке на главной странице",
Confirm,Подтвердить,
Confirm Delete,Подтвердить удаление,
Confirm Password,Подтвердите пароль,
Confirm {0},Подтвердить {0},
Contact,Контакт,
Contact Already Exists,Контакт уже существует,
Contact Support,Обратиться в поддержку,
Contact Us,Свяжитесь с нами,
Contact already exists with {0},Контакт уже существует с {0},
Contact image updated,Изображение контакта обновлено,
Contacts,Контакты,
Content,Содержание,
Content Type,Тип содержимого,
Content is required,Содержимое обязательно,
Convert,Преобразовать,
Convert lead to deal,Конвертировать лид в сделку,
Convert to Deal,Преобразовать в сделку,
Converted,Конвертировано,
Count,Количество,
Create,Создать,
Create Deal,Создать сделку,
Create Lead,Создать обращение,
Create New,Создать новый,
Create View,Создать представление,
Create customer on status change,Создать клиента при изменении статуса,
Create your first lead,Создайте своего первого лида,
Create your first note,Создайте свою первую заметку,
Create your first task,Создайте свою первую задачу,
Currency,Валюта,
Currency Precision,Точность валюты,
Currency set as {0} successfully,Валюта успешно установлена как {0},
Current pipeline distribution,Текущее распределение по воронке продаж,
Custom Range,Пользовательский диапазон,
Customization,Настройка,
Customize Quick Filters,Настройка быстрых фильтров,
Daily,Ежедневно,
"Daily performance of leads, deals, and wins","Ежедневная производительность лидов, сделок и побед",
Dark,Тёмная,
Dashboard,Панель инструментов,
Data,Данные,
Data Fields,Поля данных,
Data Import,Импорт данных,
Date,Дата,
Date Format,Формат даты,
Day,День,
Deal,Сделка,
Deal Owner,Владелец сделки,
Deal Status,Статус сделки,
Deal Value,Стоимость сделки,
Deal generation channel analysis,Анализ каналов генерации сделок,
Deal value,Стоимость сделки,
Deals,Сделки,
Deals by ongoing & won stage,Сделки по текущим и выигранным стадиям,
Deals by salesperson,Сделки по менеджеру продаж,
Deals by source,Сделки по источникам,
Deals by stage,Сделки по стадиям,
Deals by territory,Сделки по территориям,
Default,По умолчанию,
Default Inbox,Входящие по умолчанию,
Default Incoming,По умолчанию Входящие,
Default Medium,Отправка по умолчанию,
Default Outgoing,По умолчанию Исходящие,
Default Priority,Приоритет по умолчанию,
Default Sending,Отправка по умолчанию,
Default Service Level Agreement already exists for {0},Соглашение об уровне обслуживания по умолчанию для {0} уже существует,
Default calling medium set successfully to {0},Средство связи по умолчанию успешно установлено на {0},
"Default statuses, custom fields and layouts restored successfully.","Статусы по умолчанию, пользовательские поля и макеты успешно восстановлены.",
Defaults,По умолчанию,
Delete,Удалить,
Delete & Restore,Удаление и восстановление,
Delete All,Удалить все,
Delete Attachment,Удалить вложение,
Delete Task,Удалить задание,
Delete View,Удалить представление,
Delete or unlink linked documents,Удалить или отвязать связанные документы,
Delete or unlink these linked documents before deleting this document,Удалите или отвяжите эти связанные документы перед удалением этого документа,
Delete {0} items,Удалить {0} элементов,
Description,Описание,
Description is required,Описание обязательно,
Desk,Стол,
Details,Детали,
Device,Устройство,
Disable,Отключить,
Disabled,Отключено,
Discard,Отменить,
Discount %,Скидка %,
Discount Amount,Сумма скидки,
Dismiss,Закрыть,
DocType,DocType,
Document Type,Тип документа,
Document not found,Документ не найден,
Document updated successfully,Документ успешно обновлен,
Documentation,Документация,
Done,Готово,
Download,Скачать,
Drop files here,Перетащите файлы сюда,
Due Date,Дата выполнения,
Duplicate,Дублировать,
Duplicate Assignment Rule,Дублировать правило назначения,
Duplicate SLA Policy,Дублирующая политика SLA,
Duplicate View,Дублировать представление,
Duration,Продолжительность,
ERPNext,ERPNext,
ERPNext CRM Settings,Настройки CRM ERPNext,
ERPNext Settings,Настройки ERPNext,
ERPNext Site API's,API сайта ERPNext,
ERPNext Site URL,URL сайта ERPNext,
ERPNext is not installed in the current site,ERPNext не установлен на текущем сайте,
ERPNext is not integrated with the CRM,ERPNext не интегрирован с CRM,
Edit,Редактировать,
Edit Call Log,Редактировать журнал вызовов,
Edit Data Fields Layout,Изменить макет полей данных,
Edit Email,Редактировать Email,
Edit Field Layout,Изменить макет поля,
Edit Grid Fields Layout,Изменить макет полей данных,
Edit Grid Row Fields Layout,Редактировать расположение полей в строке таблицы,
Edit Note,Редактировать примечание,
Edit Quick Entry Layout,Редактировать макет быстрого ввода,
Edit Task,Редактировать задачу,
Edit View,Изменить представление,
Editing Row {0},Редактирование строки {0},
Email,Электронная почта,
Email Account,Учетная запись электронной почты,
Email Accounts,Учетные записи Email,
Email ID,Email ID,
Email ID is required,Требуется Email ID,
Email Sent At,Электронное письмо отправлено на,
Email Settings,Настройки электронной почты,
Email Template,Шаблон Email,
Email Templates,Шаблоны Email,
Emails,Письма,
Empty,Пустой,
Empty - Choose a field to filter by,Пусто - Выберите поле для фильтрации,
Empty - Choose a field to sort by,Пусто - Выберите поле для сортировки,
Enable,Включить,
Enable Forecasting,Включить прогнозирование,
Enable Incoming,Включить входящие,
Enable Outgoing,Включить исходящие,
Enabled,Включено,
Enabled?,Включено?,
End Date,Дата окончания,
End Time,Время окончания,
Enter Access Token,Введите ключ доступа,
Enter Source Name,Введите название источника,
Enter Value,Введите значение,
Enter your Facebook Access Token,Введите Ваш токен доступа Facebook,
Enter {0},Введите {0},
Equals,Равняется,
Error Occurred,Произошла ошибка,
Error converting to deal: {0},Ошибка конвертации в сделку: {0},
Error creating Lead Sync Source,Ошибка создания источника синхронизации лида,
Error syncing leads,Ошибка синхронизации лидов,
Error updating Lead Sync Source,Ошибка обновления источника синхронизации лида,
Error updating field,Ошибка обновления поля,
Every 10 Minutes,Каждые 10 минут,
Every 15 Minutes,Каждые 15 минут,
Every 5 Minutes,Каждые 5 минут,
Excel,Excel,
Exchange Rate,Обменный курс,
Exchange Rate Provider,Провайдер обменных курсов,
Exotel,Exotel,
Exotel Exception,Исключение Exotel,
Exotel Number,Номер Exotel,
Exotel Number Missing,Номер Exotel отсутствует,
Exotel Number {0} is not valid,Номер Exotel {0} недействителен,
Expand,Развернуть,
Expected Closure Date,Ожидаемая дата закрытия,
Expected Deal Value,Ожидаемая стоимость сделки,
Expired,Истек срок действия,
Export,Экспорт,
Export Type,Тип экспорта,
FCRM Note,Примечание FCRM,
FCRM Settings,Настройки FCRM,
Facebook,Facebook,
Facebook Form ID,Идентификатор формы Facebook,
Facebook Lead Form,Форма лидов Facebook,
Facebook Lead Form Question,Вопрос в форме лидов Facebook,
Facebook Lead ID,Идентификатор лида Facebook,
Facebook Page,Страница Facebook,
Failed,Не выполнено,
Failed Lead Sync Log,Журнал ошибок синхронизации лидов,
Failed to capture Twilio recording,Не удалось получить запись с Twilio,
Failed to create template,Не удалось создать шаблон,
Failed to delete template,Не удалось удалить шаблон,
Failed to fetch exchange rate from {0} to {1} on {2}. Please check your internet connection or try again later.,Не удалось получить обменный курс с {0} на {1} от {2}. Проверьте подключение к интернету или попробуйте позже.,
Failed to load form controller: {0},Не удалось загрузить контроллер формы: {0},
Failed to rename template,Не удалось переименовать шаблон,
Failed to send email!,Не удалось отправить электронное письмо!,
Failed to update Twilio call status,Не удалось обновить статус вызова в Twilio,
Failed to update password,Не удалось обновить пароль,
Failed to update source,Не удалось обновить источник,
Failed to update template,Не удалось обновить шаблон,
Failure,Отказ,
Failure Logs,Журналы отказов,
Favicon,Favicon,
Field,Поле,
Fields Order,Порядок полей,
"File ""{0}"" was skipped because of invalid file type","Файл ""{0}"" был пропущен из-за недопустимого типа файла",
"File ""{0}"" was skipped because only {1} uploads are allowed","Файл ""{0}"" был пропущен, поскольку разрешена загрузка только {1} файлов",
"File ""{0}"" was skipped because only {1} uploads are allowed for DocType ""{2}""","Файл ""{0}"" был пропущен, потому что для DocType ""{2}"" разрешена загрузка только {1} файлов",
Filter,Фильтр,
Filters,Фильтры,
First Name,Имя,
First Name is mandatory,Укажите имя,
First Responded On,Первый ответ дан,
First Response Due,Срок первого ответа,
First Response TIme,Время первого ответа,
First Response Time,Время первого отклика,
First name,Имя,
Float Precision,Поплавковая точность,
For,Для,
Forecasted revenue,Прогнозируемый доход,
Form,Форма,
Form Name,Название формы,
Form Script updated successfully,Скрипт формы успешно обновлён,
Frappe CRM mobile,Мобильная CRM Frappe,
Frappe Mail Site,Сайт Frappe Mail,
Frappe Support,Поддержка Frappe,
Friday,Пятница,
From,От,
From Date,С даты,
From Type,От типа,
From User,От пользователя,
Fulfilled,Выполнено,
Full Name,Полное имя,
Funnel conversion,Конверсия воронки,
Gender,Пол,
General,Общий,
General Settings,Основные настройки,
Geographic distribution of deals and revenue,Географическое распределение сделок и доходов,
GitHub Repository,Репозиторий GitHub,
Go Back,Назад,
Grid Row,Строка таблицы,
Group By,Группа по,
Group By Field,Группировать по полю,
Group By: ,Группа по: ,
Help,Помощь,
Hidden,Скрытый,
Hide,Скрыть,
Hide Border,Скрыть границу,
Hide Label,Скрыть метку,
Hide Password,Скрыть пароль,
Hide Preview,Скрыть просмотр,
Hide Recording,Скрыть запись,
High,Высокий,
Holiday List,Список праздников,
Holiday List Name,Название списка праздников,
Holidays,Праздники,
Home Actions,Действия на главной странице,
Hourly,Почасовая оплата,
ID,ID,
Icon,Иконка,
"If enabled, all outgoing emails will be sent from this account. Note: Only one account can be default outgoing.","Если включено, все исходящие письма будут отправляться с этой учетной записи. Примечание: только одна учетная запись может быть исходящей по умолчанию.",
"If enabled, all replies to your company (eg: replies@yourcompany.com) will come to this account. Note: Only one account can be default incoming.","Если включено, все ответы вашей компании (например: replies@yourcompany.com) будут приходить на эту учетную запись. Примечание: только одна учетная запись может быть входящей по умолчанию.",
"If enabled, outgoing emails can be sent from this account.","Если включено, исходящие письма могут отправляться с этой учетной записи.",
Image,Изображение,
Import,Импорт,
In,На сайте,
In Progress,В работе,
In less than a minute,Менее минуты,
Inbound Call,Входящий звонок,
Inbox,Входящие,
Incoming,Входящий,
Incoming call...,Входящий звонок...,
Industry,Промышленность,
Initiated,По инициативе,
Initiating call...,Инициализация звонка...,
Insert Email Template,Вставить шаблон письма,
Insert Emoji,Вставить эмодзи,
Integration,Интеграция,
Integration Not Enabled,Интеграция не включена,
Integrations,Интеграции,
Introduction,Введение,
Invalid Account SID or Auth Token.,Неверный SID учетной записи или токен авторизации.,
Invalid Exotel Number,Неверный номер телефона,
Invalid access token provided for Facebook.,Предоставлен недействительный токен доступа Facebook.,
Invalid chart name,Неверное название диаграммы,
Invalid credentials,Неверные учетные данные,
Invalid email ID,Неверный Email ID,
"Invalid fields, check if all are filled in and values are correct.","Некорректные данные, проверьте правильность заполнения полей.",
Invalid page or not permitted to access,Неверная страница или нет доступа,
Invite New User,Пригласить нового пользователя,
Invite User,Пригласить пользователя,
Invite users to access CRM. Specify their roles to control access and permissions,Пригласите пользователей для доступа к CRM. Укажите их роли для контроля доступа и разрешений,
Invite your team,Пригласить вашу команду,
Invited By,Пригласил,
Is,Является,
Is Default,Является значением по умолчанию,
Is ERPNext installed on a different site?,Установлен ли ERPNext на другом сайте?,
Is Group,Группа,
Is Primary,Является основным,
Is Standard,Стандартный,
"It will make deal's ""Expected Closure Date"" & ""Expected Deal Value"" mandatory to get accurate forecasting insights",Это сделает обязательными поля «Ожидаемая дата закрытия» и «Ожидаемая стоимость сделки» для получения точных прогнозов,
JSON,JSON,
Job Title,Название вакансии,
John Doe,Джон Доуs,
Kanban,Канбан,
Kanban Columns,Канбан-доска,
Kanban Fields,Канбан-поля,
Kanban Settings,Настройки Канбана,
Key,Ключ,
Keyboard Shortcuts,Ярлыки клавиатуры,
Label,Этикетка,
Language,Язык,
Last,Последний,
Last 30 Days,Последние 30 дней,
Last 6 Months,Последние 6 месяцев,
Last 60 Days,Последние 60 Дней,
Last 7 Days,Последние 7 дней,
Last 90 Days,Последние 90 Дней,
Last Modified,Последнее изменение,
Last Month,Последний месяц,
Last Name,Фамилия,
Last Quarter,Последний квартал,
Last Responded On,Последний ответ был дан,
Last Response Time,Время последнего ответа,
Last Status Change Log,Журнал изменения статуса CRM,
Last Synced At,Последняя синхронизация,
Last Week,Последняя неделя,
Last Year,Прошлый год,
Last name,Фамилия,
Last user assigned by this rule,"Последний пользователь, назначенный этим правилом",
Layout,Макет,
Lead,Лид,
Lead Data,Данные лида,
Lead Details,Подробнее об лиде,
Lead Name,Имя лида,
Lead Owner,Ответственный за лид,
Lead Owner cannot be same as the Lead Email Address,Владелец лида не может совпадать с адресом электронной почты лида,
Lead Sources,Источники лида,
Lead Sync Source,Источник синхронизации лида,
Lead Sync Source created successfully,Источник синхронизации лида успешно создан,
Lead Syncing,Синхронизация лидов,
Lead generation channel analysis,Анализ каналов генерации лидов,
Lead sync initiated.,Начата синхронизация лидов.,
Lead to deal conversion pipeline,Воронка конверсии лида в сделку,
Leads,Лиды,
Leads by source,Лиды по источникам,
Learn about conditions,Узнать об условиях,
Learn more,Подробнее,
Left,Левый,
Library,Библиотека,
Light,Свет,
Like,Подобно,
Link,Ссылка,
Links,Ссылки,
List,Список,
Listen,Слушать,
Load Default Columns,Загрузить столбцы по умолчанию,
Load More,Загрузить ещё,
Loading...,Загрузка...,
Log,Журнал,
Log ID,ID лога,
Log a Call,Записать звонок,
Log out,Выйти из системы,
Login to Frappe Cloud?,Войти в Frappe Cloud?,
Logo,Логотип,
Lost,Проиграно,
Lost Notes,Заметки о потере,
Lost Reason,Забыли Причина,
Lost deal reasons,Причины потерянных сделок,
Low,Низкий,
Make Call,Сделать звонок,
Make Private,Сделать Приватным,
Make Public,Сделать Публичным,
Make a Call,Позвонить,
Make attachment {0},Прикрепить {0},
Make {0},Сделать {0},
Make {0} as default calling medium,Сделать {0} средством связи по умолчанию,
"Makes ""Expected Closure Date"" and ""Expected Deal Value"" mandatory for deal value forecasting",Делает «Ожидаемую дату закрытия» и «Ожидаемую стоимость сделки» обязательными для прогнозирования стоимости сделки,
"Manage CRM users by adding or inviting them, and assign roles to control their access and permissions","Управляйте пользователями CRM, добавляя или приглашая их, и назначайте роли для контроля доступа и разрешений",
Manage your email accounts to send and receive emails directly from CRM. You can add multiple accounts and set one as default for incoming and outgoing emails.,Управляйте учетными записями email для отправки и получения писем напрямую из CRM. Вы можете добавить несколько учетных записей и установить одну по умолчанию для входящих и исходящих писем.,
Manager,Менеджер,
Mandatory field error: {0},Ошибка обязательного поля: {0},
Mandatory field(s) {0} must be mapped,Обязательное поле(я) {0} должно быть отображено,
Mandatory fields required: {0},Заполните обязательные поля: {0},
Manual,Руководство,
Mapped to CRM Field,Сопоставлено с полем CRM,
Mark all as read,Отметить все как прочитанное,
Masters,Мастера,
Medium,Средний,
Mention,Упоминание,
Message,Сообщение,
Middle Name,Отчество,
Minimize,Свернуть,
Mobile No.,Номер мобильного телефона.,
Mobile Number,Мобильный номер,
Mobile Number Missing,Отсутствует номер мобильного телефона,
Monday,Понедельник,
Month,Месяц,
Monthly,Ежемесячно,
More Options,Другие параметры,
My Open Deals,Мои открытые сделки,
My Profile,Мой профиль,
My Settings,Мои настройки,
Name,Имя,
Name is required,Имя обязательно,
Naming Series,Именование серий,
Net Amount,Чистая сумма,
Net Total,Чистая всего,
New,Новый,
New Assignment Rule,Новое правило назначения,
New Assignment Rule Name,Название нового правила назначения,
New Comment,Новый комментарий,
New Contact,Новый контакт,
New Email,Новая электронная почта,
New Lead Sync Source,Новый источник синхронизации лидов,
New Message,Новое сообщение,
New Note,Новая заметка,
New Organization,Новая организация,
New Password,Новый пароль,
New SLA Policy,Новая политика SLA,
New SLA Policy Name,Название новой политики SLA,
New Section,Новый раздел,
New Tab,Новая таблица,
New Task,Новая задача,
New contact will be created based on the person's details,Новый контакт будет создан на основе данных человека,
New organization will be created based on the data in details section,Новая организация будет создана на основе данных в разделе «Подробности»,
New {0},Новый {0},
Next 6 Months,Следующие 6 месяцев,
Next Month,Следующий месяц,
Next Quarter,Следующий квартал,
Next Step,Следующий шаг,
Next Week,Следующая неделя,
Next Year,Следующий год,
No Answer,Нет ответа,
No Data,Нет данных,
No Label,Нет этикетки,
No Title,Без названия,
No changes made,Изменения не внесены,
No results found,Результаты не найдены,
No {0} Found,Не найдено {0},
No {0} found,Не найдено {0},
No.,№,
No. of Employees,Количество сотрудников,
Normal,Нормальный,
Not Allowed,Не разрешено,
Not Saved,Не сохранено,
Not Synced,Не синхронизирован,
Not allowed to add contact to Deal,Не разрешено добавлять контакт в сделку,
Not allowed to convert Lead to Deal,Не разрешено конвертировать Лид в сделку,
Not allowed to remove contact from Deal,Не разрешено удалять контакт из сделки,
Not allowed to set primary contact for Deal,Не разрешено назначать основное контактное лицо для сделки,
Not implemented yet!,Еще не реализовано!,
Not permitted,Не разрешено,
Note,Заметка,
Notes,Заметки,
Notes View,Просмотр заметок,
Notification,Уведомление,
Notification Text,Текст уведомления,
Notification Type Doc,Тип уведомления Doc,
Notification Type Doctype,Тип уведомления Doctype,
Notifications,Уведомления,
Number,Номер,
Number Format,Формат номера,
Number of deals,Количество сделок,
Number of deals and total value per salesperson,Количество сделок и общая стоимость на менеджера продаж,
Old Condition,Старое условие,
Old Conditions,Старые условия,
Old Parent,Старый родитель,
On Hold,На удерживании,
Ongoing,В процессе,
Ongoing deals,Текущие сделки,
Only image files are allowed,Разрешены только файлы изображений,
Only one {0} can be set as primary.,Только один {0} может быть установлен в качестве основного.,
Open,Открыт,
Open in Portal,Открыть в портале,
Open in new window,Открыть в новом окне,
Open {0},Открыть {0},
Operator,Оператор,
Options,Параметры,
Or create leads manually,Или создавайте лиды вручную,
Order By,Сортировать по,
Organization,Организация,
Organization Details,Информация об организации,
Organization Logo,Логотип организации,
Organization Name,Название организации,
Organizations,Организации,
Others,Другие,
Outbound Call,Исходящие звонки,
Outgoing,Исходящие,
Owner,Владелец,
Page,Страница,
Page Name,Название страницы,
Parent CRM Territory,Родительская территория CRM,
Password,Пароль,
Password cannot be reset by Demo User {},Пароль не может быть сброшен демонстрационным пользователем {},
Password is required,Пароль обязателен,
Password must be at least 8 characters,Пароль должен быть не менее 8 символов,
"Password must contain lowercase, uppercase, number, and symbol","Пароль должен содержать строчные и заглавные буквы, цифры и символы",
Password updated successfully,Пароль успешно обновлен,
Passwords do not match,Пароли не совпадают,
Passwords match,Пароли совпадают,
Payment Reminder,Напоминание об оплате,
Payment Reminder from Frappé - (#{{ name }}),Напоминание о платеже от Frappé - (#{{ name }}),
Pending,В ожидании,
Pending Invites,Ожидающие приглашения,
Period,Период,
Person,Человек,
Phone,Телефон,
Phone Numbers,Телефонный номер,
Pin View,Закрепить вид,
Pinned,Закреплено,
Pinned Views,Закрепленные просмотры,
Please check your access token,"Пожалуйста, проверьте ваш токен доступа",
Please enable twilio settings before making a call.,Перед совершением звонка включите настройки Twilio.,
Please enter a valid URL,Введите действительный URL-адрес,
Please select a currency before saving.,Выберите валюту перед сохранением.,
Please select a lead gen form before syncing!,"Пожалуйста, выберите форму лидогенерации перед синхронизацией!",
Please select an existing contact,"Пожалуйста, выберите существующий контакт",
Please select an existing organization,"Пожалуйста, выберите существующую организацию",
Please select weekly off day,"Пожалуйста, выберите в неделю выходной",
Please setup Exotel intergration,"Пожалуйста, настройте интеграцию с Exotel",
Please specify a reason for losing the deal.,Укажите причину потери сделки.,
Please specify the reason for losing the deal.,Укажите причину потери сделки.,
Policy Name,Название политики,
Position,Позиция,
Preferences,Предпочтения,
Primary,Главная,
Priorities,Очередность,
Priority,Приоритет,
Private,Приватный,
Probability,Вероятность,
Product,Изделие,
Product Code,Код изделия,
Product Name,Название изделия,
Products,Изделия,
Profile,Профиль,
Projected vs actual revenue based on deal probability,Прогнозируемая против фактической выручки на основе вероятности сделки,
Public,Публично,
Public Views,Публичный просмотр,
Quantity,Количество,
Questions,Вопросы,
Queued,В очереди,
Quick Entry,Быстрый доступ,
Quick Filters,Быстрый поиск,
Rate,Цена,
Read,Читать,
Reason,Причина,
Record Calls,Аудиозапись звонков,
Record Outgoing Calls,Запись исходящих звонков,
Recording URL,Запись URL,
Reference Doc,Справочный документ,
Reference Doctype,Тип справочного документа,
Reference Document Type,Ссылка Тип документа,
Reference Name,Имя ссылки,
Refresh,Обновить,
Refresh Apps,Обновить приложения,
Reject,Отклонить,
Reload,Перезагрузка,
Remove,Удалить,
Remove Section,Удалить секцию,
Reply,Ответить,
Reply All,Ответить Всем,
Report an Issue,Сообщить о проблеме,
Required Fields,Обязательные поля,
Reset,Сброс,
Reset Changes,Сброс изменений,
Reset ERPNext Form Script,Сбросить формы скрипта ERPNext,
Reset to Default,Сброс по умолчанию,
Responded On,Ответил на,
Response By,Ответ от,
Response Details,Подробности ответа,
Response Time,Время ответа,
Restart the SLA each time the customer replies (status changes to Open) and fulfill it when marked as Replied,"Перезапускает SLA каждый раз, когда клиент отвечает (изменения статуса на Open) и выполняет его при отмеченном как ответивший",
Restore,Восстановить,
Restore Defaults,Восстановить по умолчанию,
Retake,Повтор,
Retry Sync,Повторить попытку синхронизации,
Revenue,Доход,
Rich Text,Насыщенный текст,
Right,Справа,
Ringing,Идет вызов,
Ringing...,Исходящий вызов,
Role,Роль,
Rolling Response Due,Текущий ответ,
Rolling Responses,Ответы в реальном времени,
Route,Маршрут,
Route Name,Название Маршрута,
Rows,Строки,
SLA,SLA,
SLA Creation,Создание SLA,
SLA Name,Название SLA,
SLA Status,Статус SLA,
SLA set as default cannot be disabled,"SLA, установленное по умолчанию, не может быть отключено",
SUBJECT,СУБЪЕКТ,
Sales Manager,Менеджер продаж,
Sales User,Продавец,
Sales trend,Тенденция продаж,
Salesperson,Менеджер продаж,
Salutation,Приветствие,
Saturday,Суббота,
Save,Сохранить,
Save Changes,Сохранить изменения,
Saved Views,Сохраненные просмотры,
Schedule a task...,Запланируйте задачу...,
Script,Скрипт,
Search,Поиск,
Section,Раздел,
Select,Выбрать,
Select Company,Выберите компанию,
Select Currency,Выберите валюту,
Select Range,Выберите диапазон,
Select Source Type,Выберите тип источника,
Select the assignees for {0}.,Выберите исполнителей для {0}.,
Select {0},Выберите {0},
Send,Отправить,
Send Invites,Отправить приглашение,
Send Invites To,Отправить приглашения для,
Send Template,Отправить шаблон,
Send email,Отправить email,
Separator,Сепаратор,
Series,Идентификатор документа,
Service Level Agreement,Соглашение об уровне обслуживания,
Service Provider,Поставщик услуг,
Session Defaults,Установки сеанса по умолчанию,
Set,Установить,
Set As Primary,Установить как основной,
Set all as private,Сделать все приватным,
Set all as public,Сделать все общедоступными,
Set as Primary Contact,Установить как основное контактное лицо,
Set as default SLA,Установить как SLA по умолчанию,
"Set working days, hours, and holidays by selecting a predefined schedule or creating a new one","Установите рабочие дни, часы и праздники, выбрав предопределенное расписание или создав новое",
Settings,Настройки,
Settings updated successfully,Настройки успешно обновлены,
Setup Email,Настройка Email,
Setup your password,Настройте свой пароль,
Show,Показать,
Show Password,Показать пароль,
Show Preview,Показать предварительный просмотр,
Side Panel,Боковая панель,
Sidebar Items,Элементы боковой панели,
Signature,Подпись,
"Simple Python Expression, Example: doc.status == 'Open' and doc.lead_source == 'Ads'","Простое выражение Python, пример: doc.status == 'Open' и doc.lead_source == 'Ads'",
"Since you removed {0} from the assignee, the {0} has also been removed.","Поскольку вы удалили {0} из списка назначенных, {0} также был удален.",
"Since you removed {0} from the assignee, the {0} has been changed to the next available assignee {1}.","Поскольку вы удалили {0} из получателя, {0} был изменен на следующего доступного получателя {1}.",
Site URL,Адрес сайта,
Some error occurred while renaming assignment rule,Произошла ошибка при переименовании правила назначения,
Some error occurred while updating assignment rule,Произошла ошибка при обновлении правила назначения,
Something went wrong,Что-то пошло не так,
Sort,Сортировать,
Source,Источник,
Source Name,Исходное имя,
Source Type,Исходный тип,
Source disabled successfully,Источник успешно отключен,
Source enabled successfully,Источник успешно включен,
Spacer,Проставка,
Stage,Стадия,
"Standard Form Scripts can not be modified, duplicate the Form Script instead.","Стандартные сценарии форм не могут быть изменены, вместо этого продублируйте сценарий форм для их изменений.",
Standard Selling Rate,Стандартная ставка продажи,
Standard Views,Стандартные виды,
Start Date,Дата начала,
Start Time,Время начала,
Start with sample 10 leads,Начните с 10 примеров лидов,
Status,Статус,
Status Change Log,Статус журнал изменения,
Status is required,Укажите статус,
Subdomain,Поддомен,
Subject,Тема,
Subject is required,Необходимо ввести тему,
Subject: {0},Тема: {0},
Sunday,Воскресенье,
Support / Sales,Поддержка / Продажи,
Switch Camera,Переключить камеру,
Sync Now,Синхронизировать сейчас,
Synced,Синхронизировано,
Syncing,Синхронизация,
Syncing started in background,Синхронизация началась в фоновом режиме,
System,Система,
System Configuration,Конфигурация системы,
System Manager,Системный менеджер,
TO,К,
Take a note...,Возьмите на заметку...,
Task,Задача,
Tasks,Задачи,
Telephony,Телефония,
Telephony Medium,Телефония Среда,
Telephony Settings,Настройки телефонии,
Template Name,Название шаблона,
Template created successfully,Шаблон успешно создан,
Template disabled successfully,Шаблон успешно отключен,
Template enabled successfully,Шаблон успешно включен,
Template renamed successfully,Шаблон успешно переименован,
Template updated successfully,Шаблон успешно обновлен,
Templates,Шаблоны,
Territory,Территория,
Territory Manager,Территориальный менеджер,
Territory Name,Название территории,
The Condition '{0}' is invalid: {1},Условие «{0}» недопустимо: {1},
The holiday on {0} is not between From Date and To Date,Праздник на {0} не между From Date и To Date,
The rate used to convert the deal’s currency to your crm's base currency (set in CRM Settings). It is set once when the currency is first added and doesn't change automatically.,"Курс, используемый для конвертации валюты сделки в базовую валюту вашей CRM (задаётся в настройках CRM). Он устанавливается один раз при первом добавлении валюты и не меняется автоматически.",
The rate used to convert the organization’s currency to your crm's base currency (set in CRM Settings). It is set once when the currency is first added and doesn't change automatically.,"Курс, используемый для конвертации валюты организации в базовую валюту вашей CRM-системы (задаётся в настройках CRM). Он устанавливается один раз при первом добавлении валюты и не меняется автоматически.",
Theme,Тема,
There can only be one default priority in Priorities table,В таблице «Приоритеты» может быть только один приоритет по умолчанию,
This Month,В этом месяце,
This Quarter,В этом квартале,
This Week,На этой неделе,
This Year,В этом году,
This method is only meant for developer mode,Этот метод предназначен только для режима разработчика,
This section is not editable,Этот раздел не подлежит редактированию,
"This will delete selected items and items linked to it, are you sure?","Это удалит выбранные элементы и связанные с ними элементы, вы уверены?",
"This will delete selected items and unlink linked items to it, are you sure?","Это удалит выбранные элементы и отвяжет связанные элементы, вы уверены?",
"This will restore (if not exist) all the default statuses, custom fields and layouts. Delete & Restore will delete default layouts and then restore them.","Это восстановит (если они отсутствуют) все статусы по умолчанию, настраиваемые поля и макеты. Функция «Удалить и восстановить» удалит макеты по умолчанию, а затем восстановит их.",
Thursday,Четверг,
Time Format,Формат времени,
Timespan,Временной интервал,
Timezone,Часовой пояс,
Title,Заголовок,
Title Field,Поле заголовка,
To,К,
To Date,До,
To Date cannot be before From Date,На сегодняшний день не может быть раньше от даты,
To Type,К типу,
To User,Пользователю,
"To know more about setting up email accounts, click","Чтобы узнать больше о настройке учетных записей email, нажмите",
Today,Сегодня,
Todo,К работе,
Toggle Full Width,Переключить на полную ширину,
Toggle Theme,Переключить тему,
Tomorrow,Завтра,
Total,Общий,
Total Holidays,Всего праздников,
Total after discount,Итого после скидки,
Total leads,Всего лидов,
Total number of leads,Общее количество лидов,
Total number of non won/lost deals,Общее количество незавершенных сделок,
Total number of won deals based on its closure date,Общее количество выигранных сделок на основе даты закрытия,
Traceback,Трассировка,
Tuesday,Вторник,
TwiML SID,TwiML SID,
Twilio,Twilio,
Twilio API credential creation error.,Ошибка создания учетных данных API Twilio.,
Twilio Number,Номер Twilio,
Twilio Settings,Настройки Twilio,
Type,Тип,
Type your message here...,Введите сообщение здесь...,
Unauthorized request,Несанкционированный запрос,
Uncollapsible,Неразборный,
Unknown,Неизвестный,
Unlink,Отвязать,
Unpin View,Открепить вид,
Unsaved Changes,Несохраненные изменения,
Untitled,Без названия,
Update,Обновить,
Update Account,Обновить учетную запись,
Update timestamp on new communication,Обновить временную метку при новом сообщении,
Update {0} Records,Обновление {0} записей,
Upload,Загрузить,
Upload Attachment,Загрузить вложение,
Upload Document,Загрузить документ,
Upload Image,Загрузить изображение,
Upload Video,Загрузить видео,
Uploading {0}%,Загрузка {0}%,
User,Пользователь,
User Management,Управление пользователями,
User Name,Имя пользователя,
User {0} has been removed,Пользователь {0} был удален,
Users,Пользователи,
Users are required,Требуются пользователи,
Valid From,Действительно с,
Validity,Действительность,
Value,Значение,
View Name,Просмотр имени,
View Website,Посмотреть сайт,
Views,Просмотры,
Web Form,Веб-форма,
Webhook Verify Token,Токен проверки Webhook,
Website,Сайт,
Wednesday,Среда,
Weekly Off,Еженедельный выходной,
Welcome Message,Приветственное сообщение,
"Welcome {0}, lets add your first lead","Добро пожаловать {0}, давайте добавим вашего первого лида",
WhatsApp,WhatsApp,
WhatsApp Templates,Шаблоны WhatsApp,
Where,Где,
Width,Ширина,
"Width can be in number, pixel or rem (eg. 3, 30px, 10rem)","Ширина может быть выражена числом, пикселями или rem (например, 3, 30px, 10rem)",
Won,Выиграно,
Won deals,Выигранные сделки,
Workday,Рабочий день,
Working Hours,Часы работы,
Yes,Да,
Yesterday,Вчера,
You,Вы,
You are not permitted to access this resource.,Вы не имеете права доступа к этому ресурсу.,
You can change the default calling medium from the settings,Вы можете изменить средство вызова по умолчанию в настройках,
You can invite multiple users by comma separating their email addresses,"Вы можете пригласить нескольких пользователей, разделив их адреса электронной почты запятыми",
You do not have Exotel Number set in your Telephony Agent,У вас не установлен номер Exotel в вашем телефонном агенте,
You do not have enough permissions to access Frappe CRM. Please contact your administrator if you believe this is an error.,"У вас недостаточно прав для доступа к Frappe CRM. Если вы считаете, что произошла ошибка, обратитесь к администратору.",
You do not have mobile number set in your Telephony Agent,У вас не установлен номер мобильного телефона в вашем Telephony Agent,
You do not have permission to access Frappe CRM,У вас нет разрешения на доступ к Frappe CRM,
You need to be in developer mode to edit a Standard Form Script,"Чтобы отредактировать стандартную веб-форму, необходимо находиться в режиме разработчика",
"You will be redirected to invite user page, unsaved changes will be lost.","Вы будете перенаправлены на страницу приглашенного пользователя, несохраненные изменения будут потеряны.",
You will need a Meta developer account and an access token to sync leads from Facebook. Read more,Для синхронизации лидов из Facebook вам понадобится учётная запись разработчика Meta и токен доступа. Подробнее,
Your assignment on {0} {1} has been removed by {2},Ваше задание на {0} {1} было удалено {2},
Your old condition will be overwritten. Are you sure you want to save?,"Ваше старое условие будет перезаписано. Вы уверены, что хотите сохранить?",
Your old conditions will be overwritten. Are you sure you want to save?,"Ваше старое условие будет перезаписано. Вы уверены, что хотите сохранить?",
added a,добавил,
amber,янтарный,
black,черный,
blue,синий,
changes from,Изменения от,
comment,комментарий,
cyan,бирюзовый,
deals,сделки,
desk,стол,
exchangerate.host,exchangerate.host,
field,поле,
fields,полей,
frankfurter.app,franfurter.app,
gray,серый,
green,зеленый,
group_by,group_by,
has made a call,Сделал звонок,
has reached out,Протянул руку,
here,здесь,
in 1 hour,через 1 час,
in 1 minute,через 1 минуту,
in 1 year,через 1 год,
in {0} M,через {0} мес,
in {0} d,через {0} д,
in {0} days,через {0} дней,
in {0} h,через {0} ч,
in {0} hours,через {0} часов,
in {0} m,через {0} м,
in {0} minutes,через {0} минут,
in {0} months,через {0} месяцев,
in {0} w,через {0} нед,
in {0} weeks,через {0} недель,
in {0} y,через {0} г,
in {0} years,через {0} лет,
john@doe.com,ivan@petrov.com,
just now,только что,
kanban,канбан,
label,этикетка,
leads,лиды,
list,список,
mentioned you in {0},Вас упомянули в {0},
now,сейчас,
orange,оранжевый,
pink,розовый,
previous,предыдущие,
private,приватный,
public,публично,
purple,фиолетовый,
red,красный,
teal,бирюзовый,
to,для,
tomorrow,завтра,
value,значение,
violet,фиолетовый,
"which are not compatible with this UI, you will need to recreate the conditions here if you want to manage and add new conditions from this UI.","которые не совместимы с этим интерфейсом, вам нужно будет создать условия здесь, если вы хотите управлять и добавлять новые условия из этого интерфейса.",
yellow,жёлтый,
yesterday,вчера,
{0} M,{0} М,
{0} assigned a {1} {2} to you,{0} назначил вам {1} {2},
{0} d,{0} д,
{0} days ago,{0} дн. назад,
{0} h,{0} ч,
{0} hours ago,{0} несколько часов назад,
{0} is an invalid email address,{0}  недействительный адрес электронной почты,
{0} is required,{0} требуется,
{0} m,{0} м,
{0} minutes ago,{0} мин назад,
{0} months ago,{0} месяцев назад,
{0} w,{0} нед,
{0} weeks ago,{0} недель назад,
{0} y,{0} г,
{0} years ago,{0} лет назад,
"⚠️ Avoid using ""trigger"" as a field name — it conflicts with the built-in trigger() method.",⚠️ Избегайте использования «trigger» в качестве имени поля — это конфликтует со встроенным методом trigger().,
"⚠️ Method ""{0}"" not found in class.",⚠️ Метод «{0}» не найден в классе.,
"⚠️ No class found for doctype: {0}, it is mandatory to have a class for the parent doctype. it can be empty, but it should be present.","⚠️ Не найден класс для doctype: {0}, обязательно наличие класса для родительского doctype. Он может быть пустым, но должен присутствовать.",
⚠️ No data found for parent field: {0},⚠️ Данные для родительского поля не найдены: {0},
⚠️ No row found for idx: {0} in parent field: {1},⚠️ Не найдена строка для idx: {0} в родительском поле: {1},
Call Logs,Журнал звонков,
Getting started,Начало работы,
Welcome to Frappe CRM,Добро пожаловать в Frappe CRM,
Continue,Продолжить,
Reset all,Сбросить всё,
Skip all,Пропустить всё,
Help centre,Центр помощи,
It appears that there are currently no Leads available. You can create more Leads by using the Create button.,Сейчас лидов нет. Создайте первый лид с помощью кнопки «Создать».,
From Number,С номера,
To Number,На номер,
It appears that there are currently no {0} available. You can create more {0} by using the Create button.,"Сейчас нет доступных записей «{0}». Нажмите «Создать», чтобы добавить «{0}».",
No New Notifications,Нет новых уведомлений,
You have no new notifications,Новых уведомлений нет,
source,Источник,
stage,Этап,
Won Deals,Выигранные сделки,
Forecasted,Прогноз,
Actual,Факт,
days,дни,
day,день,
%John%,%Иван%,
(No Title),(Без названия),
01/01/2022 to 01/31/2022,01.01.2022–31.01.2022,
08:00 AM,08:00,
08:00 pm,20:00,
1 hr,1 ч,
1-10,1-10,
1000+,1000+,
11-50,11-50,
201-500,201-500,
501-1000,501-1000,
51-200,51-200,
<b>META</b>,<b>МЕТА</b>,
<b>SHORTCUTS</b>,<b>ЯРЛЫКИ</b>,
"<p>Dear {{ lead_name }},</p>

<p>This is a reminder for the payment of {{ grand_total }}.</p>

<p>Thanks,</p>
<p>Frappé</p>","<p>Здравствуйте, {{ lead_name }}!</p>

<p>Напоминаем об оплате суммы {{ grand_total }}.</p>

<p>С уважением,</p>
<p>Frappé</p>",
"<p>Dear {{ lead_name }},</p>\n\n<p>This is a reminder for the payment of {{ grand_total }}.</p>\n\n<p>Thanks,</p>\n<p>Frappé</p>","<p>Уважаемый {{ lead_name }},</p>\n\n<p>Это напоминание об оплате {{ grand_total }}.</p>\n\n<p>Спасибо,</p>\n<p>Фраппе</p>",
"<span class=""h5""><b>PORTAL</b></span>","<span class=""h5""><b>ПОРТАЛ</b></span>",
A new account has been created for you at {0},Новая учетная запись была создана для вас на {0},
A valid call log is required.,Требуется корректная запись звонка.,
API key is required,Необходимо указать API-ключ,
API secret is required,Необходимо указать секретный ключ API,
Accept Call,Принять звонок,
Access Key for {0}. Required for fetching exchange rates.,Ключ доступа для {0}. Необходим для получения курсов валют.,
Account Info & Security,Данные аккаунта и безопасность,
Accounting,Бухгалтерский учёт,
Active,Активно,
Add Attendee,Добавить участника,
Add Chart,Добавить диаграмму,
Add Condition,Добавить условие,
Add Condition Group,Добавить группу условий,
Add Description,Добавить описание,
Add Description.,Добавить описание.,
Add Email,Добавить адрес электронной почты,
Add Lead or Deal,Добавить лид или сделку,
Add Location,Добавить место,
Add Mobile Number...,Добавить номер мобильного телефона…,
Add Note,Добавить заметку,
Add Notification,Добавить уведомление,
Add Organization...,Добавить организацию…,
Add Sample Data,Добавить демонстрационные данные,
Add Task,Добавить задачу,
Add a Condition,Добавить условие,
Add a Custom Condition,Добавить пользовательское условие,
Add a Task,Добавить задачу,
Add time targets around support milestones like first response,"Задайте целевые сроки для этапов обслуживания, например для первого ответа",
Add {0}...,Добавить: {0}...,
Advertisement,Реклама,
Advertising,Реклама,
Aerospace,Аэрокосмическая отрасль,
Agriculture,Сельское хозяйство,
Airline,Авиаперевозки,
All Day,Весь день,
All Day Event Notifications,Уведомления о событиях на весь день,
All available priorities have already been added,Все доступные приоритеты уже добавлены,
Apparel & Accessories,Одежда и аксессуары,
Appearance,Оформление,
Are you sure you want to clear assignment for {0} item(s)?,Действительно снять назначение с объектов ({0})?,
Are you sure you want to clear demo data? This action cannot be undone.,Удалить демонстрационные данные? Это действие нельзя отменить.,
Are you sure you want to convert {0} lead(s) to deal(s)?,Действительно преобразовать лиды ({0}) в сделки?,
"Are you sure you want to delete ""{0}"" view?",Действительно удалить представление «{0}»?,
Are you sure you want to delete this event?,"Вы уверены, что хотите удалить это событие?",
Are you sure you want to delete {0} - {1}?,Действительно удалить {0} — {1}?,
Are you sure you want to delete {0} items?,Действительно удалить объекты ({0})?,
Are you sure you want to delete {0} linked doc(s)?,Действительно удалить связанные документы ({0})?,
Are you sure you want to discard unsaved changes to this event?,"Вы уверены, что хотите отменить несохраненные изменения этого события?",
Are you sure you want to make this attachment {0}?,Действительно сделать это вложение {0}?,
Are you sure you want to remove this tab and all its content?,Удалить эту вкладку и всё её содержимое?,
Are you sure you want to unlink {0} linked doc(s)?,Действительно отсоединить связанные документы ({0})?,
Assign Condition is required,Необходимо задать условие назначения,
Assign Conditions are invalid,Условия назначения некорректны,
Assign To Me,Назначить мне,
Assign by workload,Назначать по загрузке,
Assignment Cleared Successfully,Назначение успешно снято,
Assignment Condition,Условие назначения,
Assignment Days are required,Необходимо указать дни назначения,
Assignment Rule Created,Правило назначения создано,
Assignment Rule Deleted,Правило назначения удалено,
Assignment Rule Duplicated,Правило назначения дублировано,
Assignment Rule Updated,Правило назначения обновлено,
Assignment Rule {0} Updated,Правило назначения {0} обновлено,
"Assignment conditions are invalid or corrupt, recreate the conditions.",Условия назначения некорректны или повреждены. Создайте их заново.,
At least one priority is required,Необходимо добавить хотя бы один приоритет,
"At least one valid Workday with Workday, Start Time, and End Time is required","Необходимо добавить хотя бы один корректный рабочий день с указанием дня недели, времени начала и окончания",
Attach a File,Прикрепить файл,
Attach file…,Прикрепить файл…,
Attendees,Участники,
Attending status updated,Статус участия обновлён,
Auto Create Customer,Автоматически создавать клиента,
Auto update Expected Deal Value,Автоматически обновлять ожидаемую сумму сделки,
Auto-assign leads/deals to the right sales user based on predefined conditions,Автоматически назначайте лиды и сделки подходящему менеджеру по заданным условиям,
Auto-rotate,Автоматически по очереди,
Automatically sets Communication Status to “Open” for the lead or deal when a new communication is created. Applies only when SLA is enabled,При создании нового сообщения автоматически устанавливает для лида или сделки статус коммуникации «Открыто». Действует только при включённом SLA,
Automatically sets Communication Status to “Replied” for the lead or deal when a response is received. Applies only when SLA is enabled,При получении ответа автоматически устанавливает для лида или сделки статус коммуникации «Отвечено». Действует только при включённом SLA,
Automotive,Автомобильная отрасль,
Avg Deal Value,Средняя сумма сделки,
Avg Ongoing Deal Value,Средняя сумма текущей сделки,
Avg Time to Close a Deal,Среднее время закрытия сделки,
Avg Time to Close a Lead,Среднее время закрытия лида,
Avg Won Deal Value,Средняя сумма выигранной сделки,
Axis Chart,Координатная диаграмма,
Back to All Logs,Вернуться ко всем журналам,
Back to File Upload,Вернуться к загрузке файла,
Be the first to add one.,Добавьте первый комментарий.,
Beta,Бета,
CRM Portal Page,CRM Страница портала,
Calendar,Календарь,
Calendar Settings,Настройки календаря,
Call log not found,Запись звонка не найдена,
Call with John Doe,Звонок с Иваном Ивановичем,
Campaign,Рекламная кампания,
Cannot assign this role,Нельзя назначить эту роль,
Cannot invite for this role,Нельзя пригласить с этой ролью,
Capturing Leads,Сбор лидов,
Change Photo,Изменить фотографию,
Choose how you want to use the application by setting your preferences.,Выберите предпочтительный способ использования приложения.,
Choose how {0} are assigned among the selected assignees.,Выберите способ распределения {0} между выбранными исполнителями.,
Choose the Email Service Provider you want to configure.,Выберите почтового провайдера для настройки.,
Choose which leads/deals are affected by this policy.,"Выберите лиды и сделки, к которым применяется эта политика.",
Choose which {0} are affected by this assignment rule.,"Выберите, к каким {0} применяется это правило назначения.",
Clear All Filters,Очистить все фильтры,
Click on the link below to complete your registration and set a new password,"Нажмите на ссылку ниже, чтобы завершить регистрацию и установить новый пароль",
Close Panel,Закрыть панель,
Cold Calling,Холодный звонок,
Comment sent,Комментарий отправлен,
Communication Statuses,Статусы связи,
Company in ERPNext site,Компания на сайте ERPNext,
Company name is required,Необходимо указать название компании,
Complete Registration,Полная регистрация,
Configure,Настроить,
Configure Telephony Settings for your CRM,Настройте телефонию для CRM,
"Configure default settings for your CRM system, including default currency, date formats, and other system-wide preferences to ensure consistency across your system.","Настройте параметры CRM по умолчанию: валюту, формат дат и другие общесистемные параметры.",
Configure general settings for your application,Настройте общие параметры приложения,
"Configure how your dashboard calculates, formats, and displays key metrics, including forecasting, deal values, and currency settings","Настройте расчёт, форматирование и отображение ключевых показателей панели, включая прогнозы, суммы сделок и валюту",
Configure the Exchange Rate Provider for your CRM,Настройте провайдера курсов валют для CRM,
"Configure your Brand Name, Logo, and Favicon","Настройте название бренда, логотип и значок сайта",
Configure your Calendar Settings like Default View and Event Notifications here,Настройте вид календаря по умолчанию и уведомления о событиях,
Configure your Exotel Telephony Integration Settings here,Настройте интеграцию телефонии Exotel,
Configure your Twilio Telephony Integration Settings here,Настройте интеграцию телефонии Twilio,
Confirm Overwrite,Подтвердить перезапись,
Connect ERPNext to Frappe CRM,Подключить ERPNext к Frappe CRM,
Connect your Email,Подключить электронную почту,
Contact Added,Контакт добавлен,
Contact Already Added,Контакт уже добавлен,
Contact Image Updated,Изображение контакта обновлено,
Contact Removed,Контакт удалён,
Contact Updated,Контакт обновлён,
Contacted,Связались,
"Controls how numbers are displayed (e.g., commas, decimal separators)","Определяет формат отображения чисел (например, разделители тысяч и дробной части)",
Converted Successfully,Успешно преобразовано,
Copied to Clipboard,Скопировано в буфер обмена,
Create Event,Создать событие,
Create Lead from Incoming Emails,Создавать лиды из входящих писем,
Create New Holiday List,Создать новый список праздников,
Create New Template,Создать новый шаблон,
Create Note,Создать заметку,
Create Task,Создать задачу,
Create an Event,Создать событие,
Create customer in ERPNext when the deal status is changed,Создавать клиента в ERPNext при изменении статуса сделки,
Create quotation button on deal page and auto customer creation on deal status change will be disabled. Are you sure?,Кнопка создания предложения на странице сделки и автоматическое создание клиента при изменении статуса сделки будут отключены. Продолжить?,
Create {0},Создать: {0},
Current Password,Текущий пароль,
Custom Actions,Пользовательские действия,
Custom Branding,Фирменное оформление,
Custom Fields,Пользовательские поля,
Custom List Actions,Пользовательские действия со списком,
Custom Statuses,Пользовательские статусы,
Customer Created Successfully,Клиент успешно создан,
Customer's Vendor,Поставщик клиента,
Dashboard Currency,Валюта панели,
"Dashboard number cards & charts will show currency in the selected format. Once set, cannot be edited.",Денежные показатели и диаграммы панели будут отображаться в выбранном формате валюты. После сохранения изменить его будет нельзя.,
Dashboard settings updated successfully,Настройки панели успешно обновлены,
Date & Time,Дата и время,
Days,Дни,
Deal Statuses,Статусы сделок,
Deal status is required,Необходимо указать статус сделки,
Deals by Ongoing & Won Stage,Сделки по текущим и выигранным этапам,
Deals by Salesperson,Сделки по менеджерам,
Deals by Source,Сделки по источникам,
Deals by Stage,Сделки по этапам,
Deals by Territory,Сделки по территориям,
"Dear {{ lead_name }},

This is a reminder for the payment of {{ grand_total }}.

Thanks,
Frappé","Здравствуйте, {{ lead_name }}!

Напоминаем об оплате суммы {{ grand_total }}.

С уважением,
Frappé",
"Dear {{ lead_name }}, \n\nThis is a reminder for the payment of {{ grand_total }}. \n\nThanks, \nFrappé","Уважаемый {{ lead_name }},\n\nЭто напоминание об оплате {{ grand_total }}.\n\nСпасибо,\nFrappé",
Declined,Отклонено,
Default Calendar View,Вид календаря по умолчанию,
Default Calling Medium for Logged In User,Канал звонков по умолчанию для текущего пользователя,
Default Event Notifications,Уведомления о событиях по умолчанию,
Default Sending & Inbox,Отправка и входящие по умолчанию,
Default View,Вид по умолчанию,
"Defines the default currency for all records, can be overridden at the field level",Определяет валюту по умолчанию для всех записей; её можно переопределить на уровне отдельного поля,
Delete Contact,Удалить контакт,
Delete Event,Удалить событие,
Delete Invitation,Удалить приглашение,
Delete Linked Item,Удалить связанную запись,
Delete Organization,Удалить организацию,
Delete {0} Item(s),Удалить элементы: {0},
Deleting note...,Удаление заметки…,
Demo data restored successfully.,Демонстрационные данные успешно восстановлены.,
Demo/Making,Демонстрация / подготовка,
Disable ERPNext Integration,Отключить интеграцию с ERPNext,
Discard Changes,Отменить изменения,
Discard Unsaved Changes?,Отменить несохранённые изменения?,
Display format for dates across the system,Формат отображения дат в системе,
Doctype is required,Необходимо указать тип документа,
Document,Документ,
Document Not Found,Документ не найден,
Document created successfully,Документ успешно создан,
Document does not exist,Документ не существует,
Donut Chart,Кольцевая диаграмма,
Drag & Drop files here or upload from,Перетащите файлы сюда или загрузите из,
Drag a section or a field here to get started,Для начала перетащите сюда раздел или поле,
Dropdown items,Элементы выпадающего списка,
Duplicate Event,Дублировать событие,
Duplicate Template,Дублировать шаблон,
Duplicate Workday found: {0}. Each Workday should be unique.,Рабочий день {0} указан повторно. Каждый рабочий день должен быть уникальным.,
Duplicate an Event,Дублировать событие,
ERPNext is not installed on this site either install it or enter the URL of your ERPNext site to connect,ERPNext не установлен на этом сайте. Установите его или укажите адрес сайта ERPNext для подключения,
Edit Event,Редактировать событие,
Edit Fields Layout,Изменить расположение полей,
Edit Grid Fields,Изменить поля таблицы,
Edit Response & Resolution,Изменить параметры ответа и решения,
Edit Row,Редактировать строку,
Edit Workday,Редактировать рабочий день,
Edit an Event,Редактировать событие,
Edit deal's mandatory fields layout,Изменить макет обязательных полей сделки,
Edit {0},Изменить: {0},
Editing Event,Редактирование события,
Email Account created successfully,Учётная запись электронной почты успешно создана,
Email Account updated successfully,Учётная запись электронной почты успешно обновлена,
Email Already Exists,Адрес электронной почты уже существует,
Email Communication,Переписка по электронной почте,
Email From Lead,Письмо от лида,
Email already exists,Адрес электронной почты уже существует,
Email sent,Письмо отправлено,
Email settings updated successfully,Настройки электронной почты успешно обновлены,
Emails & Signature,Электронная почта и подпись,
Enable Exotel integration to make and receive calls directly from your CRM,"Включите интеграцию с Exotel, чтобы совершать и принимать звонки непосредственно из CRM",
Enable Twilio integration to make and receive calls directly from your CRM,"Включите интеграцию с Twilio, чтобы совершать и принимать звонки непосредственно из CRM",
Enable call recording for incoming and outgoing calls,Включить запись входящих и исходящих звонков,
Enable the integration to create quotations and auto create customers in ERPNext.,Включите интеграцию для создания коммерческих предложений и автоматического создания клиентов в ERPNext.,
End Date cannot be before start date,Дата окончания не может быть раньше даты начала,
End Time Should Be After Start Time,Время окончания должно быть позже времени начала,
End Time is required,Необходимо указать время окончания,
End Time must be after Start Time,Время окончания должно быть позже времени начала,
End Time must be after Start Time for: {0},Время окончания должно быть позже времени начала для: {0},
Enter Access Key,Введите ключ доступа,
Enter Brand Name,Введите название бренда,
Enter Exotel Number,Введите номер Exotel,
Enter Personal Mobile No.,Введите личный номер мобильного телефона,
Enter Twilio Number,Введите номер Twilio,
Enter your personal mobile number used by Exotel to make calls,"Введите личный номер мобильного телефона, используемый Exotel для звонков",
Error Syncing Lead,Ошибка синхронизации лида,
Error creating lead: {0},Ошибка при создании лида: {0},
Error occurred,Произошла ошибка,
Event Details,Детали события,
Event ID is required,ID необходимо,
Event Notifications,Уведомления о событиях,
Event Title,Название события,
Event created successfully,Событие успешно создано,
Event deleted successfully,Событие успешно удалено,
Events,События,
Exhibition,Выставка,
Existing Customer,Постоянный клиент,
Exotel Integration Disabled,Интеграция с Exotel отключена,
Exotel Settings,Настройки Exotel,
Expected closure date is required.,Необходимо указать ожидаемую дату закрытия.,
Expected deal value is required.,Необходимо указать ожидаемую сумму сделки.,
Export all {0} record(s),Экспортировать все записи ({0}),
FROM,ОТ,
Failed to Add Users,Не удалось добавить пользователей,
Failed to add reaction to the message,Не удалось добавить реакцию к сообщению,
"Failed to create Email Account, Invalid credentials",Не удалось создать учётную запись электронной почты: неверные данные для входа,
Failed to delete lead sync source,Не удалось удалить источник синхронизации лидов,
Failed to delete note,Не удалось удалить заметку,
Failed to load fields layout,Не удалось загрузить расположение полей,
Failed to load file-based form controller: {0},Не удалось загрузить контроллер формы из файла: {0},
Failed to save settings,Не удалось сохранить настройки,
Failed to save workday: {0},Не удалось сохранить рабочий день: {0},
Failed to send WhatsApp message,Не удалось отправить сообщение WhatsApp,
Failed to send WhatsApp template,Не удалось отправить шаблон WhatsApp,
Failed to send comment!,Не удалось отправить комментарий!,
"Failed to update Email Account, Invalid credentials",Не удалось обновить учётную запись электронной почты: неверные данные для входа,
Failed to update attending status,Не удалось обновить статус участия,
"File ""{0}"" was skipped because size exceeds {1} MB",Файл «{0}» пропущен: его размер превышает {1} МБ,
"For all-day events, <b>set a time</b> to send reminders before the event starts",Для событий на весь день <b>укажите время</b> отправки напоминаний до начала события,
Forecasted Revenue,Прогнозируемая выручка,
Frappe CRM,Frappe CRM,
Funnel Conversion,Конверсия воронки,
GMT+5:30,GMT+5:30,
Go to Invite Page,Перейти на страницу приглашения,
Go to Website,Перейти на сайт,
Going?,Будете участвовать?,
Greater than,Больше,
Greater than or equal to,Больше или равно,
Hang Up,Завершить звонок,
Hello,Привет,
"Hi John,

Can you please provide more details on this...","Здравствуйте, Иван!

Пожалуйста, уточните подробности...",
"Hi John, \n\nCan you please provide more details on this...","Здравствуйте, Джон, \n\nНе могли бы Вы предоставить более подробную информацию об этом...",
"I understand, Add Conditions","Понятно, добавить условия",
"If enabled, a lead will be automatically created when an incoming email is received from an unknown contact.","Если включено, при получении письма от неизвестного контакта автоматически создаётся лид.",
"If enabled, emails will be pulled from this account.","Если включено, письма будут загружаться из этой учётной записи.",
Incorrect current password. Please try again.,Неверный текущий пароль. Попробуйте ещё раз.,
Industries,Отрасли,
Invalid Email Address,Некорректный адрес электронной почты,
Invalid Email or Password,Неверный адрес электронной почты или пароль,
Invalid GeoJSON,Некорректный GeoJSON,
Invalid Site URL,Некорректный адрес сайта,
Invalid Start Or End Time,Некорректное время начала или окончания,
Invalid Twilio account,Некорректная учётная запись Twilio,
Invalid Twilio application,Некорректное приложение Twilio,
Invalid Website URL,Некорректный адрес сайта,
Invalid email address,Некорректный адрес электронной почты,
Invalid field,Некорректное поле,
Invalid fields: {0},Некорректные поля: {0},
"Invalid format. Try: 1 hour 30 minutes, 2 hours, 45 seconds, 1:30:45, 90s","Некорректный формат. Примеры: 1 час 30 минут, 2 часа, 45 секунд, 1:30:45, 90s",
"Invalid format. Try: 1h 30m 45s, 1:30:45, 90s","Некорректный формат. Примеры: 1h 30m 45s, 1:30:45, 90s",
Invalid lead details supplied.,Переданы некорректные данные лида.,
Invalid or expired key,Ключ недействителен или срок его действия истёк,
Invitations sent successfully,Приглашения успешно отправлены,
Invite Agent,Пригласить сотрудника,
Invite As,Пригласить как,
Invite By Email,Пригласить по электронной почте,
Invite Users,Пригласить пользователей,
Items are required,Необходимо указать элементы,
Items must be a list,Элементы должны быть представлены списком,
"John, Jane, Doe","Иван, Анна, Петров",
Junk,Нецелевой,
Kanban settings,Настройки канбан-доски,
Language & Time,Язык и время,
Lead Form,Форма лидов,
Lead Statuses,Статус,
Lead from call {0},Лид из звонка {0},
Lead sync source deleted successfully,Источник синхронизации лидов успешно удалён,
Leads by Source,Лиды по источникам,
Less than,Меньше,
Less than or equal to,Меньше или равно,
Linked With,Связано с,
Location,Местоположение,
Login with Different Account,Войти с другой учётной записью,
Lost Deal Reasons,Причины проигрыша сделок,
Lost Details,Сведения о проигрыше,
"Lost Notes are required when Lost Reason is ""Other""","Если причина проигрыша — «Другое», необходимо добавить примечание",
Lost Reason is required,Необходимо указать причину проигрыша,
Low-Medium,Ниже среднего,
Manage ERPNext integration settings,Управляйте настройками интеграции с ERPNext,
Manage your account emails and email signature for communication.,Управляйте адресами электронной почты аккаунта и подписью для переписки.,
Manage your email signature,Управляйте подписью электронной почты,
Manage your lead sources here. Add new sources to start syncing leads automatically.,"Здесь можно управлять источниками лидов. Добавьте источник, чтобы начать автоматическую синхронизацию лидов.",
Manage your profile & login information.,Управляйте профилем и данными для входа.,
Manage your service level agreement policies,Управляйте политиками соглашения об уровне обслуживания,
Mark lead/deal as replied on response,Отмечать лид или сделку как отвеченные при получении ответа,
Master,Основная запись,
"May 1, 2025",1 мая 2025,
Maybe,Может быть,
Medium-High,Выше среднего,
Mentions,Упоминания,
Missed Call,Пропущенный звонок,
Missing mandatory fields: {0},Не заполнены обязательные поля: {0},
Mobile App Installation,Установка мобильного приложения,
Mobile No. should be a number,Номер мобильного телефона должен состоять из цифр,
Move Last Column to Next Section,Переместить последний столбец в следующий раздел,
Move Last Column to Next Tab,Переместить последний столбец на следующую вкладку,
Move Last Column to Previous Section,Переместить последний столбец в предыдущий раздел,
Move Last Column to Previous Tab,Переместить последний столбец на предыдущую вкладку,
Move to Next Tab,Переместить на следующую вкладку,
Move to Previous Tab,Переместить на предыдущую вкладку,
Negotiation,Согласование,
Nested Conditions,Вложенные условия,
New Address,Новый адрес,
New Event,Новое событие,
New Template,Новый шаблон,
New password cannot be the same as current password,Новый пароль не должен совпадать с текущим,
New password cannot be the same as current password. Please choose a different password.,Новый пароль не должен совпадать с текущим. Выберите другой пароль.,
No,Нет,
No Activities Found,Активность не найдена,
No Assignment Rules Found,Правила назначения не найдены,
No Attachments Found,Вложений нет,
No Call History,История звонков пуста,
No Comments Found,Комментариев нет,
No Contacts Added,Контакты не добавлены,
No Data Fields Added Yet,Поля данных пока не добавлены,
No Details Added,Сведения не добавлены,
No Emails Found,Писем нет,
No Events Scheduled,Нет запланированных мероприятий,
No Failure Logs Found,Журналы ошибок не найдены,
No Mobile Number Set,Номер мобильного телефона не задан,
No Notes Found,Заметок нет,
No Primary Contact Set,Основной контакт не задан,
No Priorities in the list,В списке нет приоритетов,
No Results Found,Результаты не найдены,
No SLA Policies Found,Политики SLA не найдены,
No Tasks Found,Задач нет,
No Templates Found,Шаблоны не найдены,
No Users Found,Пользователи не найдены,
No Website Found,Сайт не указан,
No WhatsApp Messages Found,Сообщений WhatsApp нет,
No Workdays in the List,В списке нет рабочих дней,
No companies found in the given site,На указанном сайте компании не найдены,
No data fields have been added yet.,Поля данных пока не добавлены.,
No emails found in your inbox. New messages will appear here soon.,Писем пока нет. Новые сообщения появятся здесь.,
No events coming up. Create a new one to keep things on track.,"Предстоящих событий нет. Создайте событие, чтобы ничего не упустить.",
No files have been attached yet. Upload files to see them here.,"Вложений пока нет. Загрузите файл, и он появится здесь.",
No holiday list found,Список праздников не найден,
No recent calls to display. Log a call or call someone now!,Недавних звонков нет. Запишите звонок или позвоните клиенту.,
No {0} available,Нет доступных записей «{0}»,
Not Equals,Не равно,
Not Set,Не задано,
Not equals,Не равно,
Not in,Не входит в,
Not like,Не соответствует шаблону,
Not permitted to access reference document {0} {1}.,Нет доступа к связанному документу {0} {1}.,
Not permitted to access the referenced WhatsApp message.,Нет доступа к связанному сообщению WhatsApp.,
Not permitted to modify fields layout,Нет прав на изменение расположения полей,
Note deleted,Заметка удалена,
Nothing here for now. Add a note to keep track of things.,"Заметок пока нет. Добавьте заметку, чтобы сохранить важную информацию.",
Nothing to do at the moment. Start organizing by adding one here.,Задач пока нет. Добавьте первую задачу.,
Now,Сейчас,
Number Chart,Числовой показатель,
Number of decimal places for non-currency numeric fields,Количество знаков после запятой для числовых полей без валюты,
Number of decimal places used for all currency values,Количество знаков после запятой для всех денежных значений,
Nurture,Прогрев,
Ongoing Deals,Текущие сделки,
Only System Managers can assign the Sales Manager role,Только системные администраторы могут назначать роль руководителя отдела продаж,
Only System Managers can assign the System Manager role,Только системные администраторы могут назначать роль системного администратора,
Only System Managers can modify other System Managers,Только системные администраторы могут изменять других системных администраторов,
Only sales users can access WhatsApp features.,Функции WhatsApp доступны только пользователям отдела продаж.,
Open Deal,Открыть сделку,
Open Lead,Открыть лид,
Open Nested Conditions,Открыть вложенные условия,
Open Website,Открыть сайт,
Organization is required to create a customer,Для создания клиента необходимо указать организацию,
Organizer,Организатор,
Other Features,Другие возможности,
Owner: {0},Владелец: {0},
Partner,Партнёр,
Password Updated Successfully,Пароль успешно обновлён,
Password is too weak. {0},Пароль слишком простой. {0},
Payment reminder from Frappé - (#{{ name }}),Напоминание об оплате от Frappé — (#{{ name }}),
Permissions update,Обновление разрешений,
Personal Mobile No.,Личный номер мобильного телефона,
Pinned View,Закреплённое представление,
Playback Speed,Скорость воспроизведения,
Please enter the {0} Access Key.,Введите ключ доступа для {0}.,
Please fix the errors in the form,Исправьте ошибки в форме,
Please provide a reason for marking this {0} as lost,"Укажите причину, по которой {0} отмечается как потерянная запись",
Please select a Priority,Выберите приоритет,
Please set a mobile number to make calls,"Чтобы совершать звонки, укажите номер мобильного телефона",
Please set a website to visit,Укажите сайт для перехода,
Please set an email address to send emails,Укажите адрес электронной почты для отправки писем,
Please specify a reason for losing the lead.,Укажите причину проигрыша лида.,
Please specify the reason for losing the lead.,Укажите причину проигрыша лида.,
Preferences Updated Successfully,Настройки успешно обновлены,
Primary Contact Set,Основной контакт установлен,
Primary email,Основной адрес электронной почты,
Primary mobile no,Основной номер мобильного телефона,
Primary phone,Основной телефон,
Priorities must be unique,Приоритеты должны быть уникальными,
Priority {0}: Priority Name is required,Приоритет {0}: необходимо указать название,
Priority {0}: Response Time is required,Приоритет {0}: необходимо указать время ответа,
Private or Public,Личное или общедоступное,
Profile Updated Successfully,Профиль успешно обновлён,
Proposal/Quotation,Предложение / расчёт,
Public Relations,Связи с общественностью,
Public View,Общедоступное представление,
Qualification,Квалификация,
Qualified,Квалифицирован,
Quick Entry Layout,Макет быстрого ввода,
Quick filters updated successfully,Быстрые фильтры успешно обновлены,
Random,Случайно,
Ready to Close,Готово к закрытию,
Recording URL not found,Ссылка на запись не найдена,
Reference document {0} {1} does not exist.,Связанный документ {0} {1} не существует.,
Referenced WhatsApp message does not exist.,Связанное сообщение WhatsApp не существует.,
Referral,Рекомендация,
Refresh Companies,Обновить список компаний,
Reject Call,Отклонить звонок,
Reload Columns,Перезагрузить столбцы,
"Reminders will be sent <b>before the event starts</b>, based on the configured time",Напоминания будут отправляться <b>до начала события</b> с учётом заданного времени,
Remove All,Удалить всё,
Remove Group,Удалить группу,
Remove Image,Удалить изображение,
Remove Last Column,Удалить последний столбец,
Remove Last Column (move fields to previous),Удалить последний столбец (переместить поля в предыдущий),
Remove Photo,Удалить фотографию,
Remove Tab,Удалить вкладку,
Remove and move columns to {0} section,Удалить и переместить столбцы в раздел «{0}»,
Reopen lead/deal on new communication,Повторно открывать лид или сделку при новом сообщении,
Response & Follow Up,Ответ и последующие действия,
Response Time is required,Необходимо указать время ответа,
Restore Demo Data,Восстановить демонстрационные данные,
SLA Policies,Политики SLA,
SLA Policy Created,Политика SLA создана,
SLA Policy Deleted,Политика SLA удалена,
SLA Policy Duplicated,Политика SLA дублирована,
SLA Policy Name is required,Необходимо указать название политики SLA,
SLA Policy Status Updated,Статус политики SLA обновлён,
SLA Policy Updated,Политика SLA обновлена,
Sales Executive,Менеджер по продажам,
Sales Trend,Динамика продаж,
Saved View,Сохранённое представление,
Schedule an Event,Запланировать мероприятие,
Search Template,Поиск шаблона,
Search User,Поиск пользователя,
Search by keyword,Поиск по ключевому слову,
See All Participants,Показать всех участников,
Select Holiday List,Выберите список праздников,
Select Medium,Выберите канал,
Select Priority,Выберите приоритет,
Select Provider,Выберите провайдера,
Select Type,Выберите тип,
Select View,Выбрать вид,
Select Workday,Выберите рабочий день,
Select a Twilio App for your CRM,Выберите приложение Twilio для CRM,
Select a Value,Выберите значение,
Select an Option,Выберите вариант,
Select date,Выберите дату,
Select date & time,Выберите дату и время,
Select the deal status to trigger the auto customer creation in ERPNext,"Выберите статус сделки, при котором клиент будет автоматически создан в ERPNext",
Select the default view for your calendar. This will be the initial view when you open the calendar,"Выберите вид календаря, который будет открываться по умолчанию",
Select time,Выберите время,
Select whether to display time with or without seconds,"Выберите, показывать ли секунды при отображении времени",
Select your ERPNext company to connect with,Выберите компанию ERPNext для подключения,
Send an Email,Отправить письмо,
Sending comment...,Отправка комментария…,
Sending email...,Отправка письма…,
Set As Default,Установить по умолчанию,
Set Currency,Установить валюту,
Set Default Priority,Установить приоритет по умолчанию,
Set First Name,Указать имя,
Set Location,Указать место,
Set an Organization,Указать организацию,
Set location…,Указать место…,
Set the Exotel number to be used for outgoing calls.,Укажите номер Exotel для исходящих звонков.,
Set the Twilio number to be used for outgoing calls.,Укажите номер Twilio для исходящих звонков.,
Set the name of your brand. Appears in the left sidebar.,Укажите название бренда. Оно отображается на левой боковой панели.,
Setting Up,Настройка,
Setting disabled successfully,Настройка успешно отключена,
Setting enabled successfully,Настройка успешно включена,
Setting up Frappe Mail requires you to have an API key and API Secret of your email account. Read more,Для настройки Frappe Mail нужны API-ключ и секретный ключ API от вашей учётной записи электронной почты. Подробнее,
Setting up GMail requires you to enable two factor authentication and app specific passwords. Read more,Для настройки Gmail необходимо включить двухфакторную аутентификацию и создать пароль приложения. Подробнее,
Setting up Outlook requires you to enable two factor authentication and app specific passwords. Read more,Для настройки Outlook необходимо включить двухфакторную аутентификацию и создать пароль приложения. Подробнее,
Setting up Sendgrid requires you to enable two factor authentication and app specific passwords. Read more,Для настройки SendGrid необходимо включить двухфакторную аутентификацию и создать пароль приложения. Подробнее,
Setting up Sparkpost requires you to enable two factor authentication and app specific passwords. Read more,Для настройки SparkPost необходимо включить двухфакторную аутентификацию и создать пароль приложения. Подробнее,
Setting up Yahoo requires you to enable two factor authentication and app specific passwords. Read more,Для настройки Yahoo необходимо включить двухфакторную аутентификацию и создать пароль приложения. Подробнее,
Setting up Yandex requires you to enable two factor authentication and app specific passwords. Read more,Для настройки Яндекс Почты необходимо включить двухфакторную аутентификацию и создать пароль приложения. Подробнее,
Settings saved,Настройки сохранены,
"Setup the Exchange Rate Provider other than 'Frankfurter' in settings, as default provider does not support currency conversion for {0} to {1}.","Выберите в настройках провайдера курсов валют, отличного от Frankfurter: провайдер по умолчанию не поддерживает конвертацию из {0} в {1}.",
Show Border,Показывать рамку,
Show Label,Показывать подпись,
Show Less,Свернуть,
"Since you added a new assignee, the {0} has been set to {1}.",После добавления нового исполнителя для {0} установлено значение «{1}».,
Site URL is required,Необходимо указать адрес сайта,
Site connection validated,Подключение к сайту проверено,
Some error occurred while creating SLA Policy,При создании политики SLA произошла ошибка,
Some error occurred while renaming SLA policy,При переименовании политики SLA произошла ошибка,
Some error occurred while updating SLA policy,При обновлении политики SLA произошла ошибка,
"Something went wrong, try again later",Что-то пошло не так. Попробуйте позже,
Start & End Time Are Required,Необходимо указать время начала и окончания,
Start Date cannot be after end date,Дата начала не может быть позже даты окончания,
Start Time is required,Необходимо указать время начала,
Start a conversation now!,Начните переписку.,
Supplier Reference,Рекомендация поставщика,
"Switch between light, dark, or system theme","Переключение между светлой, тёмной и системной темами",
Switch between outgoing email accounts when sending emails,Переключение между учётными записями исходящей почты при отправке писем,
Sync Successful!,Синхронизация выполнена!,
"Sync Successful, CRM Lead: {0}!","Синхронизация выполнена, лид CRM: {0}!",
"Sync your Contacts, Email and Calendars","Синхронизируйте контакты, электронную почту и календари",
System Defaults,Системные параметры по умолчанию,
Template Deleted Successfully,Шаблон успешно удалён,
Territories,Территории,
Thanks,Спасибо,
There are no activities to display here. Go ahead and make some changes.,Здесь пока нет активности. Добавьте первое действие.,
These fields are required: {0},Эти поля обязательны: {0},
This column contains fields. Are you sure you want to remove it?,Этот столбец содержит поля. Удалить его?,
This field is required,Это поле обязательно для заполнения,
This section contains fields. Are you sure you want to remove it?,Этот раздел содержит поля. Удалить его?,
This will restore the demo data. Are you sure you want to continue?,Демонстрационные данные будут восстановлены. Продолжить?,
Time before the event when a reminder notification will be sent by default. This will be applied to all events unless a custom notification is set for a specific event.,"Время до начала события, за которое по умолчанию отправляется уведомление. Применяется ко всем событиям, если для конкретного события не задано отдельное уведомление.",
Title is required,Требуется название,
Toggle on for Preview,Включите для предварительного просмотра,
Too many failed attempts. Please try again after some time.,Слишком много неудачных попыток. Повторите позже.,
Total Leads,Всего лидов,
Turn into a Group,Преобразовать в группу,
Twilio App Name,Название приложения Twilio,
Twilio Apps,Приложения Twilio,
Twilio Integration Disabled,Интеграция с Twilio отключена,
Twilio configuration is missing,Не настроен Twilio,
Type an email address to add attendee,Введите адрес электронной почты для добавления участника,
Type an email address to invite,Введите адрес электронной почты для приглашения,
Type something...,Введите текст...,
Unable to connect to Twilio account to fetch applications.,Не удалось подключиться к учётной записи Twilio для получения списка приложений.,
Unassign Conditions are invalid,Условия снятия назначения некорректны,
Unassignment Condition,Условие снятия назначения,
Ungroup Conditions,Разгруппировать условия,
Unknown telephony medium: {0},Неизвестный канал телефонии: {0},
Unlink & Delete,Отвязать и удалить,
Unlink & Delete {0} items,Отвязать и удалить элементы: {0},
Unlink All,Отвязать всё,
Unlink Linked Item,Отвязать связанную запись,
Unlink {0} Item(s),Отвязать элементы: {0},
Unqualified,Неквалифицирован,
Update Configuration,Обновить конфигурацию,
Update the modified timestamp on new email communication & comment for leads & deals,Обновлять время изменения лидов и сделок при появлении нового письма или комментария,
Update the modified timestamp on new email communication & comments for leads & deals,Обновлять время изменения лидов и сделок при появлении новых писем или комментариев,
Upload Photo,Загрузить фотографию,
User Configuration,Настройки пользователя,
User with email {0} already exists,Пользователь с адресом {0} уже существует,
User with email {0} already invited,Пользователь с адресом {0} уже приглашён,
User {0} cannot be removed as it has a Role Profile assigned to it.,"Пользователя {0} нельзя удалить, поскольку ему назначен профиль ролей.",
User {0} has been removed from CRM roles.,Пользователь {0} удалён из ролей CRM.,
Users Added Successfully,Пользователи успешно добавлены,
Valid conditions are required,Необходимо задать корректные условия,
Verify Connection,Проверить подключение,
View Contact,Открыть контакт,
View Location,Открыть место,
Visibility,Видимость,
Walk In,Самостоятельное обращение,
We are changing how permissions work in Frappe CRM,Мы меняем принцип работы разрешений в Frappe CRM,
Week,Неделя,
Weekly,Еженедельно,
WhatsApp Message,Сообщение WhatsApp,
Work Schedule & Holidays,Рабочий график и праздники,
You are not allowed to invite Sales Managers,Вам запрещено приглашать руководителей отдела продаж,
You are not allowed to invite System Managers,Вам запрещено приглашать системных администраторов,
You are not permitted to access CRM resources.,У вас нет доступа к ресурсам CRM.,
You are not permitted to create leads.,У вас нет прав на создание лидов.,
You are not permitted to update this call log.,У вас нет прав на изменение этой записи звонка.,
You can also copy-paste following link in your browser,Вы также можете скопировать и вставить следующую ссылку в свой браузер,
You can get your Access Key from ,Ключ доступа можно получить в ,
You cannot remove yourself.,Вы не можете удалить себя.,
You do not have permission to access this document,У вас нет разрешения на доступ к этому документу,
You don't have permission to delete this attachment,У вас нет прав на удаление этого вложения,
You must be logged in to change your password,Для изменения пароля необходимо войти в систему,
Your assignment on task {0} has been removed by {1},Ваше задание {0} было удалено пользователем {1},
Your login id is,Ваш логин id,
assigned a new task {0} to you,вам назначена новая задача {0},
assigned a {0} {1} to you,Вам назначен {0} {1},
at,в,
before at,заранее в,
converted the lead to this deal,преобразовал(а) лид в эту сделку,
created this deal,создал(а) эту сделку,
created this lead,создал(а) этот лид,
day before,за день,
days before,за несколько дней,
email already exists,такой адрес электронной почты уже существует,
exchangerate-api,exchangerate-api,
fawazahmed-exchange-api,fawazahmed-exchange-api,
hour,час,
hour before,за час,
hours,часы,
hours before,за несколько часов,
minute,минута,
minute before,за минуту,
minutes,минуты,
minutes before,за несколько минут,
next,далее,
old_value,предыдущее значение,
received a whatsapp message in {0},получил сообщение в WhatsApp в {0},
week,неделя,
week before,за неделю,
weeks,недель,
weeks before,за несколько недель,
{0} (Invalid time format),{0} (некорректный формат времени),
{0} attendees,{0} участников,
{0} awaiting,{0} ожидается,
{0} has been granted {1} access,Для {0} предоставлен доступ уровня «{1}»,
{0} hrs,{0} часов,
{0} is an Invalid Value,{0} — недопустимое значение,
{0} is an Invalid value,{0} — недопустимое значение,
{0} maybe,{0} возможно,
{0} mins,{0} минут,
{0} no,{0} нет,
{0} routing,Маршрутизация: {0},
{0} yes,{0} да,
Replied,Получен ответ,
0 seconds,0 секунд,
1 hour,1 час,
{0} hours,{0} ч.,
1 minute,1 минута,
{0} minutes,{0} мин.,
1 second,1 секунда,
{0} seconds,{0} сек.,
Application Placement,Расположение нанесения,
Applications,Нанесения,
Artwork Approval,Макет на согласовании,
Artwork File,Файл макета,
Artwork Status,Статус макета,
Attracted By,Привлёк менеджер,
Attribution,Источник привлечения,
Awaiting Artwork,Ожидает макет,
Awaiting Payment,Ожидает оплаты,
Back Placement,Спина,
Balance Due,Остаток к оплате,
Bank Card,Банковская карта,
Bank Transfer,Банковский перевод,
Cancelled,Отменено,
Cash,Наличные,
Channel,Канал,
Chest,Грудь,
Click Count,Количество переходов,
Combined,Комбинированное нанесение,
Conversation,Диалог,
Conversation Key,Ключ диалога,
Costing,Расчёт стоимости,
Customer-supplied Item,Изделие клиента,
Delivered,Выдан,
Delivery Status,Статус доставки,
Destination URL,Ссылка назначения,
Direction,Направление,
DTF Printing,DTF-печать,
Embroidery,Вышивка,
External Chat ID,Внешний ID чата,
External Message ID,Внешний ID сообщения,
External User ID,Внешний ID пользователя,
First Touch At,Дата первого обращения,
First Touch Attribution,Первичный источник обращения,
First Touch Channel,Первичный канал,
First Touch Source,Первичный источник,
Heat Transfer Printing,Термопечать,
Height (cm),Высота (см),
Identity Key,Ключ профиля,
In Preparation,В подготовке,
In Production,В производстве,
Inside Label,Внутренняя бирка,
Item Notes,Комментарий к изделию,
Item Reference,Код изделия,
Landing URL,Страница входа,
Last Clicked At,Последний переход,
Last Message At,Последнее сообщение,
Last Message Preview,Последнее сообщение,
Last Payment Date,Дата последней оплаты,
Left Sleeve,Левый рукав,
Leg,Штанина,
MAX,MAX,
Message Key,Ключ сообщения,
New Order,Новый заказ,
Not Received,Не получен,
Online Payment,Онлайн-оплата,
Order Discussion,Обсуждение заказа,
Order Items,Изделия заказа,
Order Total,Сумма заказа,
Paid,Оплачено,
Paid Amount,Оплачено,
Partially Paid,Частично оплачено,
Payment,Оплата,
Payment Details,Сведения об оплате,
Payment Due Date,Срок оплаты,
Payment Method,Способ оплаты,
Payment Status,Статус оплаты,
Payment Terms,Условия оплаты,
Pending Approval,На согласовании,
Postpayment,Постоплата,
Prepayment,Предоплата,
Primary Identity,Основной профиль,
Production,Производство,
Production Deadline,Срок готовности,
Production Details,Данные производства,
Production Manager,Ответственный за производство,
Production Method,Вид производства,
Production Notes,Комментарий для производства,
Quality Control,Контроль качества,
QR Code,QR-код,
Ready,Готов,
Ready for Pickup,Готов к выдаче,
Received,Получен,
Refused,Отказ,
Revision Required,Требуются правки,
Right Sleeve,Правый рукав,
Screen Printing,Шелкография,
Sender,Отправитель,
Sent At,Время отправки,
Size Breakdown,Размерный ряд,
Sublimation,Сублимация,
Telegram Bot Username,Имя Telegram-бота,
Tracking Code,Код отслеживания,
Unpaid,Не оплачено,
Postpaid,Постоплата,
Refunded,Возврат,
UTM Campaign,UTM-кампания,
UTM Content,UTM-содержание,
UTM Medium,UTM-канал,
UTM Source,UTM-источник,
UTM Term,UTM-запрос,
Waiting for Customer,Ожидает клиента,
Walk-in,Личное обращение,
Width (cm),Ширина (см),
Yandex Click ID,Идентификатор клика Яндекса,
Yandex Client ID,Идентификатор клиента Яндекса,
Attachment,Вложение,
Channels,Каналы,
CRM Attribution,Атрибуция CRM,
Messages from connected channels will appear here.,Здесь появятся сообщения из подключённых каналов.,
No Channel Messages Found,Сообщений из каналов нет,
Add a link to start recording who attracted each lead.,Добавьте ссылку и начните фиксировать менеджера для каждого лида.,
Clicks,Переходы,
Copy Link,Скопировать ссылку,
"Create manager-specific links for the website, maps, messengers, and QR codes.","Создавайте ссылки для конкретных менеджеров для сайта, карт, мессенджеров и QR-кодов.",
Edit Tracking Link,Изменить рекламную ссылку,
Fill in all required fields.,Заполните все обязательные поля.,
Generated automatically,Создаётся автоматически,
Link copied,Ссылка скопирована,
New Tracking Link,Новая рекламная ссылка,
No Tracking Links Found,Рекламных ссылок нет,
Tracking link deleted,Рекламная ссылка удалена,
Tracking link saved successfully,Рекламная ссылка сохранена,
Tracking Links,Рекламные ссылки,
Website — manager name,Сайт — имя менеджера,
Yandex Maps,Яндекс Карты,
Application row {0} refers to an unknown item: {1},Строка нанесения {0} ссылается на неизвестное изделие: {1},
Authentication is required,Требуется авторизация,
Every order item must have a unique item reference.,Каждое изделие в заказе должно иметь уникальный идентификатор.,
First-touch attribution can only be changed by a System Manager.,Данные о первом источнике может изменить только системный администратор.,
Message direction must be Incoming or Outgoing,Направление сообщения должно быть входящим или исходящим,
Not permitted to view lead attribution,Недостаточно прав для просмотра источников лидов,
Redirecting...,Перенаправление...,
Tracking code cannot be changed after the link is created,Код отслеживания нельзя изменить после создания ссылки,
Tracking code is required,Необходимо указать код отслеживания,
"Tracking code may contain only letters, numbers, hyphens, and underscores","Код отслеживания может содержать только буквы, цифры, дефисы и знаки подчёркивания",
Tracking link not found,Ссылка отслеживания не найдена,
Unsupported communication channel: {0},Неподдерживаемый канал связи: {0},
Unsupported reference type: {0},Неподдерживаемый тип объекта: {0},
Approved,Утверждён,
Attachment Type,Тип вложения,
Attachment URL,Ссылка на вложение,
Avito,Авито,
Closed,Закрыт,
Custom,Другое расположение,
"Example: S - 2, M - 5, L - 3","Пример: S — 2, M — 5, L — 3",
Optional. When set, Telegram links are generated with a start parameter containing the tracking code.,Необязательно. Если заполнено — ссылка Telegram будет содержать код отслеживания.,
Other,Другое,
Raw Payload,Исходные данные,
Sent,Отправлено,
Statistics,Статистика,
Telegram,Telegram,
Username,Имя пользователя,
Combined Production Methods,Комбинация видов производства,
Example: DTF Printing + Embroidery,Пример: DTF-печать + вышивка,
Paid amount cannot exceed the order total.,Оплаченная сумма не может превышать стоимость заказа.,
Application row {0} must have a quantity greater than zero.,В строке нанесения {0} количество должно быть больше нуля.,
Order item {0} cannot have a negative rate.,В изделии {0} цена не может быть отрицательной.,
Order item {0} must have a quantity greater than zero.,В изделии {0} количество должно быть больше нуля.,
Channel Link Code,Код связи каналов,
Channel link code,Код связи каналов,
Create channel link code,Создать код связи каналов,
Send this code as the first message in the new channel,Отправьте этот код первым сообщением в новом канале.,
Send this code to the client and ask them to send it as the first message in the new channel. The conversation will be linked without creating another lead.,Отправьте этот код клиенту и попросите прислать его первым сообщением в новом канале. Переписка будет связана без создания ещё одного лида.,
Valid until {0},Действует до {0},
Channel link code copied,Код связи каналов скопирован.,
Failed to create channel link code,Не удалось создать код связи каналов.,
Channel link code is invalid,Неверный код связи каналов.,
Channel link code has already been used,Код связи каналов уже использован.,
Channel link code has expired,Срок действия кода связи каналов истёк.,
Expires At,Действует до,
Used At,Использован,
Used Channel,Канал использования,
Used External User ID,Внешний идентификатор пользователя,
An external identity must be linked to a lead or contact,Внешний идентификатор должен быть связан с лидом или контактом.,
"An external identity must be linked to a lead, contact, or deal","Внешний идентификатор должен быть связан с лидом, контактом или сделкой.",
"A conversation must be linked to a lead, contact, or deal","Переписка должна быть связана с лидом, контактом или сделкой.",
New Product,Новое изделие,
Select an order item,Выберите изделие заказа,
Select an order item for application row {0}.,Выберите изделие заказа в строке нанесения {0}.,
Column Width,Ширина столбца,
Higher values make the column wider.,Чем больше число — тем шире столбец.,
Select option,Выберите значение,
